,Country_Code,Year/Month,G-P Nodes,G-I Nodes,G-N Nodes,N-P Nodes,N-I Nodes,N-N Nodes,B-P Nodes,B-I Nodes,B-N Nodes,G-P Degree,G-I Degree,G-N Degree,N-P Degree,N-I Degree,N-N Degree,B-P Degree,B-I Degree,B-N Degree,1,2,3,4,5,6,7,8,9,10,11,12,13,14,15,16,17,18,19,20,month,fatalities
0,COD,2015 03,5,27,25,11,57,52,2,11,26,2.2,3.888888888888889,3.28,3.272727272727273,4.614035087719298,7.4423076923076925,2.0,2.6363636363636362,6.961538461538462,177,70,26,360,134,28,37,68,10,7,81,35,12,31,0,8,288,36,151,35,4,50
1,ETH,2015 03,37,101,47,109,205,126,2,44,54,8.891891891891891,20.85148514851485,6.23404255319149,10.954128440366972,19.160975609756097,11.055555555555555,1.0,3.2954545454545454,5.7592592592592595,577,210,863,2326,1143,161,186,118,59,72,246,123,40,13,3,60,198,48,119,2,4,0
2,CAF,2015 03,11,38,45,28,109,103,0,34,70,4.2727272727272725,4.7631578947368425,4.177777777777778,2.5357142857142856,6.944954128440367,9.815533980582524,0.0,3.176470588235294,6.014285714285714,46,14,75,218,39,26,26,31,3,10,28,1,3,5,4,0,8,27,54,1,4,1
3,SSD,2015 03,18,79,55,46,133,120,4,50,77,4.777777777777778,6.936708860759493,5.963636363636364,7.239130434782608,11.240601503759398,11.391666666666667,0.5,4.6,13.714285714285714,365,191,248,882,243,81,86,121,17,26,358,90,24,30,10,65,45,125,415,34,4,361
4,COD,2015 04,7,24,25,16,40,64,0,16,42,2.2857142857142856,5.583333333333333,6.76,3.3125,4.875,4.75,0.0,2.75,4.476190476190476,110,133,54,309,171,27,39,29,18,19,78,38,17,4,4,17,72,59,156,44,5,77
5,ETH,2015 04,32,95,73,91,191,178,7,47,113,6.59375,10.48421052631579,9.04109589041096,7.417582417582418,12.261780104712042,16.280898876404493,2.0,4.276595744680851,13.778761061946902,636,205,325,1718,841,127,169,213,17,61,443,61,96,122,12,74,216,81,521,2,5,0
6,CAF,2015 04,6,36,28,19,72,91,3,34,62,2.5,4.305555555555555,4.892857142857143,3.9473684210526314,5.458333333333333,8.296703296703297,1.0,1.7352941176470589,7.838709677419355,74,10,34,112,113,18,20,36,8,2,12,8,4,3,9,1,56,24,50,10,5,1
7,SSD,2015 04,14,70,63,48,120,106,2,38,73,2.5,4.985714285714286,5.984126984126984,4.541666666666667,8.366666666666667,12.028301886792454,0.5,4.2105263157894735,10.794520547945206,273,108,130,734,194,41,110,108,16,44,219,74,27,5,5,19,53,37,404,2,5,262
8,COD,2015 05,6,36,43,14,55,71,0,17,30,1.6666666666666667,3.3333333333333335,5.930232558139535,3.142857142857143,4.581818181818182,5.929577464788732,0.0,4.235294117647059,4.266666666666667,90,144,36,397,171,29,54,65,19,8,92,6,5,7,11,11,44,41,352,106,6,107
9,ETH,2015 05,38,107,69,93,175,148,7,53,84,3.526315789473684,8.88785046728972,6.7101449275362315,6.935483870967742,12.765714285714285,17.97972972972973,1.2857142857142858,7.150943396226415,14.916666666666666,669,294,256,1613,591,153,183,83,50,42,441,89,34,341,12,42,216,132,307,2,6,48
10,CAF,2015 05,11,38,32,22,69,85,4,25,45,3.8181818181818183,3.3157894736842106,3.90625,3.772727272727273,7.144927536231884,8.576470588235294,1.0,3.08,18.066666666666666,100,68,53,167,82,21,63,101,16,2,74,31,9,15,5,4,5,5,48,4,6,6
11,SSD,2015 05,23,71,78,43,115,146,5,51,85,3.391304347826087,5.295774647887324,5.333333333333333,4.093023255813954,9.991304347826087,16.65068493150685,1.6,4.568627450980392,17.2,440,223,137,857,200,50,96,150,18,78,307,69,57,23,23,42,150,72,713,11,6,205
12,COD,2015 06,0,16,21,8,35,44,0,11,31,0.0,2.875,4.333333333333333,2.0,3.4857142857142858,5.75,0.0,2.8181818181818183,3.129032258064516,77,183,38,377,216,29,26,33,14,8,61,12,16,3,7,2,83,36,289,136,7,33
13,ETH,2015 06,42,92,57,85,162,133,2,30,79,4.4523809523809526,7.293478260869565,5.456140350877193,6.635294117647059,13.549382716049383,10.571428571428571,0.5,2.9,8.151898734177216,402,137,339,1408,444,181,105,100,28,102,160,64,32,56,8,26,149,84,238,4,7,93
14,CAF,2015 06,6,29,34,18,65,81,2,29,56,3.5,4.310344827586207,4.117647058823529,2.611111111111111,6.0,9.123456790123457,0.5,2.1724137931034484,13.696428571428571,27,22,66,85,25,21,16,28,6,10,27,10,1,0,2,3,14,12,57,0,7,1
15,SSD,2015 06,16,64,61,57,112,137,0,47,73,4.0625,5.46875,7.639344262295082,4.105263157894737,10.0625,12.496350364963504,0.0,3.851063829787234,10.794520547945206,286,200,119,897,203,64,105,216,20,36,204,58,12,14,17,34,85,48,392,4,7,187
16,COD,2015 07,4,18,31,8,48,73,0,14,33,3.25,3.388888888888889,3.3225806451612905,2.5,4.708333333333333,5.013698630136986,0.0,3.2142857142857144,5.212121212121212,129,156,37,368,149,39,27,47,3,10,63,16,10,13,23,6,56,16,261,107,8,63
17,ETH,2015 07,43,110,77,104,232,180,6,67,83,5.348837209302325,11.836363636363636,11.116883116883116,8.663461538461538,22.974137931034484,20.983333333333334,1.0,5.925373134328358,9.734939759036145,746,357,884,3825,657,179,372,287,79,88,348,88,76,80,48,27,209,76,423,5,8,98
18,CAF,2015 07,11,37,39,30,84,93,5,33,60,2.727272727272727,3.324324324324324,3.1025641025641026,3.933333333333333,6.5476190476190474,6.505376344086022,1.6,2.272727272727273,10.216666666666667,57,19,24,206,27,11,39,48,4,5,21,3,8,3,25,10,9,6,85,6,8,47
19,SSD,2015 07,18,55,57,52,112,155,3,47,90,2.2222222222222223,7.109090909090909,7.649122807017544,5.5,12.232142857142858,15.187096774193549,0.6666666666666666,3.978723404255319,13.044444444444444,418,216,163,1065,294,101,65,153,19,66,306,98,72,22,17,97,92,100,436,3,8,173
20,COD,2015 08,4,32,27,8,64,72,3,23,58,1.0,4.21875,5.2592592592592595,2.0,7.578125,7.444444444444445,1.3333333333333333,4.869565217391305,9.931034482758621,170,219,124,624,181,28,55,72,30,21,66,30,15,17,4,6,103,76,246,85,9,42
21,ETH,2015 08,34,91,76,91,197,164,6,40,81,5.0,12.274725274725276,11.026315789473685,9.076923076923077,17.527918781725887,15.689024390243903,1.0,4.225,8.432098765432098,533,246,472,2564,756,128,141,131,37,35,169,64,37,41,7,53,186,69,276,4,9,76
22,CAF,2015 08,4,44,39,33,113,96,3,50,71,1.0,4.613636363636363,2.717948717948718,4.515151515151516,12.716814159292035,6.75,1.3333333333333333,6.64,8.04225352112676,117,56,49,252,39,31,49,71,18,7,75,7,6,18,5,54,29,81,230,3,9,51
23,SSD,2015 08,33,99,70,54,148,154,4,49,87,4.424242424242424,12.272727272727273,19.785714285714285,5.7407407407407405,17.62162162162162,21.4025974025974,1.25,7.224489795918367,18.816091954022987,673,457,389,1544,1141,112,123,171,41,88,516,291,116,49,11,88,213,32,907,6,9,109
24,COD,2015 09,5,21,33,20,42,90,2,27,60,1.4,2.142857142857143,3.4242424242424243,2.8,6.404761904761905,7.766666666666667,8.0,3.5185185185185186,7.266666666666667,150,97,51,441,195,42,38,61,9,3,116,26,14,14,12,20,138,88,251,68,10,58
25,ETH,2015 09,30,100,71,98,183,123,6,48,60,7.966666666666667,8.47,5.140845070422535,9.775510204081632,13.967213114754099,9.34959349593496,0.8333333333333334,4.583333333333333,6.366666666666666,353,175,246,1623,456,112,213,223,23,44,191,44,14,22,11,30,163,34,203,0,10,74
26,CAF,2015 09,12,44,37,33,80,112,3,36,70,3.0833333333333335,5.318181818181818,3.6216216216216215,4.454545454545454,8.575,8.553571428571429,5.666666666666667,2.3055555555555554,9.957142857142857,69,117,132,299,42,20,38,61,1,8,63,1,12,19,11,26,41,53,172,7,10,20
27,SSD,2015 09,28,68,62,69,116,118,4,53,75,4.75,10.441176470588236,7.354838709677419,5.811594202898551,11.862068965517242,12.525423728813559,1.25,3.830188679245283,10.106666666666667,311,175,277,854,418,57,161,136,20,59,356,92,33,5,4,33,68,42,407,5,10,259
28,COD,2015 10,4,28,26,10,51,77,0,18,49,0.75,3.357142857142857,3.923076923076923,1.4,4.2745098039215685,8.415584415584416,0.0,2.0555555555555554,6.408163265306122,121,85,68,403,115,27,32,37,9,11,98,21,2,21,0,18,108,56,169,52,11,99
29,ETH,2015 10,33,92,60,103,176,134,4,42,51,3.0303030303030303,10.021739130434783,5.5,6.932038834951456,15.369318181818182,10.044776119402986,1.25,5.023809523809524,6.117647058823529,451,207,443,1593,413,143,96,185,63,60,176,80,40,31,17,24,157,34,154,0,11,128
30,CAF,2015 10,11,44,31,32,87,98,8,35,47,2.8181818181818183,3.1363636363636362,2.2580645161290325,6.09375,7.689655172413793,8.020408163265307,1.375,2.742857142857143,8.085106382978724,59,135,159,261,45,14,19,82,1,17,44,3,2,10,3,11,22,35,140,0,11,29
31,SSD,2015 10,23,93,55,44,108,117,2,42,68,2.3043478260869565,6.505376344086022,8.927272727272728,6.318181818181818,12.333333333333334,12.777777777777779,0.5,5.0476190476190474,9.735294117647058,389,203,218,724,354,80,64,145,42,107,221,70,38,11,11,69,124,39,281,9,11,78
32,COD,2015 11,10,27,34,26,97,100,0,33,56,1.6,4.592592592592593,4.5588235294117645,6.423076923076923,22.515463917525775,16.93,0.0,3.757575757575758,7.625,73,81,81,455,159,31,39,61,11,14,64,9,2,11,1,6,54,67,155,46,12,78
33,ETH,2015 11,40,89,66,93,168,135,4,47,69,3.925,14.48314606741573,7.287878787878788,7.623655913978495,19.910714285714285,10.911111111111111,1.75,9.191489361702128,5.260869565217392,507,206,552,1856,647,124,201,77,150,18,185,48,15,8,2,18,139,37,217,1,12,51
34,CAF,2015 11,11,45,40,21,74,89,4,25,58,2.727272727272727,5.688888888888889,3.45,4.238095238095238,9.432432432432432,6.280898876404494,1.0,2.12,8.241379310344827,233,162,679,1605,115,15,46,76,20,43,68,2,8,12,23,31,42,29,264,0,12,10
35,SSD,2015 11,24,69,54,56,129,133,2,33,77,3.5,5.536231884057971,6.925925925925926,5.642857142857143,10.542635658914728,11.157894736842104,1.0,4.454545454545454,9.623376623376624,327,130,365,825,244,54,72,170,18,51,215,48,29,6,3,168,47,55,353,2,12,94
36,COD,2015 12,4,45,34,31,91,98,0,36,42,3.25,3.933333333333333,4.382352941176471,4.096774193548387,18.945054945054945,19.948979591836736,0.0,4.388888888888889,8.619047619047619,128,104,72,415,83,25,40,60,2,13,71,18,30,12,3,2,259,30,128,38,1,31
37,ETH,2015 12,41,96,58,95,169,155,4,60,85,4.341463414634147,19.71875,8.620689655172415,7.91578947368421,22.53846153846154,12.838709677419354,4.0,9.533333333333333,12.2,466,248,799,2092,909,93,176,127,163,27,321,81,59,181,9,56,280,42,364,3,1,103
38,CAF,2015 12,3,40,36,25,75,89,0,14,48,1.3333333333333333,2.925,2.5833333333333335,3.0,7.866666666666666,10.932584269662922,0.0,1.9285714285714286,7.5,254,280,161,1362,157,17,80,52,2,12,73,44,33,14,12,69,66,43,156,1,1,0
39,SSD,2015 12,16,59,49,54,101,114,3,32,57,3.25,5.813559322033898,5.428571428571429,5.12962962962963,11.841584158415841,11.043859649122806,1.0,4.15625,11.035087719298245,294,189,321,703,240,51,110,84,18,41,186,57,71,15,5,218,42,24,323,4,1,90
40,COD,2016 01,9,19,32,18,53,76,4,18,36,2.0,3.6842105263157894,6.03125,3.111111111111111,4.943396226415095,7.907894736842105,2.25,2.5,7.166666666666667,131,32,69,308,44,31,36,116,8,12,91,15,10,14,2,2,106,33,99,5,2,45
41,ETH,2016 01,46,120,71,105,196,149,4,44,90,4.217391304347826,12.325,9.28169014084507,7.180952380952381,20.54591836734694,15.36241610738255,0.5,11.909090909090908,10.522222222222222,510,237,745,2263,746,132,149,149,200,82,257,103,100,123,24,21,203,121,344,12,2,33
42,CAF,2016 01,7,37,36,23,68,101,2,18,60,2.7142857142857144,3.1621621621621623,5.666666666666667,3.782608695652174,8.382352941176471,6.574257425742574,0.5,3.2222222222222223,5.066666666666666,93,55,80,226,39,9,17,44,6,13,71,10,10,4,2,19,38,49,48,0,2,0
43,SSD,2016 01,31,51,50,60,130,112,6,47,59,3.129032258064516,7.1568627450980395,6.9,6.05,12.246153846153845,12.0625,1.5,4.872340425531915,10.525423728813559,326,129,374,788,327,87,79,73,10,57,239,68,24,12,16,237,55,21,364,5,2,146
44,COD,2016 02,5,22,39,24,72,75,0,23,53,1.4,2.772727272727273,3.6666666666666665,2.9166666666666665,5.916666666666667,7.266666666666667,0.0,2.3043478260869565,4.3584905660377355,141,86,91,504,68,40,26,74,3,12,80,16,29,10,10,10,125,33,122,0,3,59
45,ETH,2016 02,42,114,74,92,205,159,8,38,91,4.857142857142857,12.578947368421053,9.216216216216216,7.880434782608695,17.214634146341464,14.761006289308176,1.75,7.842105263157895,7.21978021978022,541,259,546,2439,694,112,264,111,144,63,223,63,46,47,15,18,188,50,189,9,3,103
46,CAF,2016 02,16,46,42,32,78,98,7,31,54,6.3125,3.6956521739130435,2.8333333333333335,2.71875,9.179487179487179,8.887755102040817,2.142857142857143,2.7419354838709675,5.7592592592592595,214,35,78,228,54,9,13,40,13,19,80,7,5,13,14,9,17,48,56,5,3,12
47,SSD,2016 02,16,66,61,59,124,133,4,40,75,3.1875,6.9393939393939394,5.836065573770492,5.694915254237288,14.838709677419354,11.541353383458647,1.25,5.275,12.56,307,221,449,1060,305,54,138,118,16,70,255,48,42,13,15,165,37,32,494,9,3,77
48,COD,2016 03,4,15,35,26,52,77,3,13,52,1.5,4.666666666666667,4.742857142857143,3.423076923076923,4.6923076923076925,7.116883116883117,2.0,3.0,5.980769230769231,131,67,71,493,108,37,64,61,15,17,99,13,8,14,3,6,264,82,117,0,4,45
49,ETH,2016 03,26,106,57,94,180,133,10,45,68,5.3076923076923075,7.632075471698113,14.894736842105264,8.308510638297872,11.95,20.67669172932331,2.3,4.466666666666667,11.705882352941176,444,202,576,1823,697,127,126,104,181,55,148,51,23,115,9,19,164,50,177,3,4,81
50,CAF,2016 03,10,42,52,41,94,104,0,24,69,2.5,3.4047619047619047,4.0,2.8780487804878048,7.914893617021277,10.153846153846153,0.0,1.9166666666666667,5.666666666666667,77,26,29,185,61,29,72,21,5,5,68,10,9,5,8,15,64,63,82,0,4,7
51,SSD,2016 03,27,71,41,73,123,117,0,44,79,2.2962962962962963,5.774647887323944,5.439024390243903,6.671232876712328,10.75609756097561,12.854700854700855,0.0,3.772727272727273,9.164556962025317,355,205,422,643,298,77,96,81,27,63,203,42,55,11,8,223,67,89,291,0,4,93
52,COD,2016 04,9,28,25,17,49,66,0,12,45,2.6666666666666665,3.5714285714285716,4.28,3.1176470588235294,7.530612244897959,6.333333333333333,0.0,2.8333333333333335,4.444444444444445,158,57,61,475,103,44,54,52,21,11,68,18,6,20,14,8,97,35,98,2,5,59
53,ETH,2016 04,34,86,65,90,176,139,6,45,87,4.9411764705882355,9.162790697674419,12.953846153846154,7.055555555555555,14.159090909090908,22.48201438848921,1.5,4.533333333333333,16.977011494252874,744,191,513,2092,623,159,250,93,120,33,332,34,28,65,15,15,174,138,552,23,5,123
54,CAF,2016 04,14,40,40,30,88,98,3,27,46,3.142857142857143,4.0,4.075,2.933333333333333,8.727272727272727,7.795918367346939,0.6666666666666666,2.7777777777777777,6.369565217391305,59,21,72,276,46,27,35,17,23,24,46,4,5,0,3,2,9,21,93,1,5,8
55,SSD,2016 04,21,65,58,57,140,148,5,57,76,3.761904761904762,10.661538461538461,8.39655172413793,4.754385964912281,19.357142857142858,24.986486486486488,1.6,6.614035087719298,17.42105263157895,544,268,559,2295,455,89,140,124,62,98,358,61,51,35,101,121,125,65,649,26,5,62
56,COD,2016 05,0,35,24,16,46,71,0,15,43,0.0,2.914285714285714,2.7916666666666665,2.3125,6.043478260869565,5.253521126760563,0.0,2.3333333333333335,4.72093023255814,309,149,69,549,102,112,74,59,56,74,164,62,14,56,2,52,210,123,278,10,6,112
57,ETH,2016 05,29,87,64,102,193,135,9,50,79,7.068965517241379,8.022988505747126,7.640625,10.049019607843137,12.89119170984456,13.08148148148148,1.6666666666666667,4.66,7.7215189873417724,474,151,355,1773,429,161,298,130,47,33,224,57,26,53,37,33,227,96,240,1,6,121
58,CAF,2016 05,8,44,42,27,102,130,6,38,88,2.25,4.909090909090909,4.595238095238095,3.185185185185185,8.03921568627451,14.053846153846154,0.8333333333333334,2.6842105263157894,10.625,51,23,46,243,32,7,39,20,9,3,19,11,4,18,4,8,18,18,109,2,6,54
59,SSD,2016 05,23,60,55,71,128,113,3,55,74,3.0434782608695654,7.933333333333334,6.2,5.47887323943662,12.234375,12.283185840707965,1.0,4.963636363636364,10.41891891891892,278,185,128,1010,268,80,123,136,24,60,180,59,50,32,12,20,117,84,405,12,6,112
60,COD,2016 06,0,20,30,13,41,89,2,14,65,0.0,3.45,4.233333333333333,2.230769230769231,8.414634146341463,7.876404494382022,0.5,2.2142857142857144,6.723076923076923,206,135,88,406,85,43,123,53,28,12,114,37,9,28,0,23,263,62,116,1,7,40
61,ETH,2016 06,28,101,57,85,191,151,4,44,111,6.857142857142857,9.376237623762377,6.526315789473684,10.188235294117646,13.565445026178011,16.456953642384107,1.25,4.636363636363637,15.405405405405405,604,205,346,1727,630,84,178,100,38,67,369,76,75,93,17,46,207,59,760,25,7,50
62,CAF,2016 06,7,40,38,38,95,119,3,32,69,4.714285714285714,3.525,5.315789473684211,4.2368421052631575,6.873684210526315,9.647058823529411,0.6666666666666666,2.78125,6.391304347826087,67,36,27,260,42,64,14,50,2,6,82,9,2,0,1,34,58,58,127,8,7,14
63,SSD,2016 06,26,72,65,58,108,122,4,51,67,6.461538461538462,6.486111111111111,4.630769230769231,5.879310344827586,12.657407407407407,9.934426229508198,2.0,3.4705882352941178,8.716417910447761,233,147,153,899,230,46,117,199,23,23,128,36,34,15,15,50,97,12,310,7,7,678
64,COD,2016 07,0,20,29,14,37,50,0,11,40,0.0,3.25,5.379310344827586,1.8571428571428572,6.1891891891891895,4.74,0.0,1.8181818181818181,5.625,101,75,60,484,130,24,69,54,25,7,60,22,20,19,4,13,118,65,74,10,8,162
65,ETH,2016 07,40,100,55,98,177,151,9,48,77,4.025,9.46,6.127272727272727,10.204081632653061,18.875706214689266,11.754966887417218,1.7777777777777777,6.125,9.03896103896104,539,227,577,2084,585,144,158,108,66,109,282,65,35,136,31,61,208,61,351,4,8,64
66,CAF,2016 07,13,39,37,42,76,88,2,30,55,2.923076923076923,4.153846153846154,3.6216216216216215,7.261904761904762,7.5131578947368425,8.556818181818182,0.5,2.7333333333333334,5.527272727272727,76,33,28,146,31,11,18,36,3,10,23,1,16,1,2,0,19,29,88,0,8,2
67,SSD,2016 07,17,99,112,50,191,237,8,92,128,2.8823529411764706,8.97979797979798,15.678571428571429,3.98,15.947643979057592,28.79746835443038,3.0,8.358695652173912,25.3359375,898,837,376,2357,438,247,302,614,68,180,559,178,176,82,111,241,154,111,1676,9,8,457
68,COD,2016 08,2,27,16,9,43,54,0,14,24,4.5,4.592592592592593,3.5625,5.333333333333333,5.72093023255814,4.888888888888889,0.0,2.5714285714285716,3.5833333333333335,176,95,79,614,120,30,116,154,3,9,113,39,8,56,12,5,97,85,177,14,9,65
69,ETH,2016 08,29,102,75,76,172,160,4,47,110,2.9310344827586206,8.627450980392156,5.533333333333333,7.4868421052631575,13.88953488372093,15.4875,1.25,4.680851063829787,14.063636363636364,511,288,301,1602,480,126,157,170,43,60,361,69,41,318,26,51,360,66,513,7,9,154
70,CAF,2016 08,12,46,58,34,103,101,2,47,80,3.0,5.282608695652174,4.431034482758621,3.8823529411764706,9.009708737864077,9.801980198019802,1.0,2.978723404255319,7.45,55,40,48,186,14,5,29,37,0,1,26,24,3,3,1,2,16,8,30,2,9,5
71,SSD,2016 08,11,75,81,62,161,159,17,66,111,3.8181818181818183,9.2,9.407407407407407,4.887096774193548,15.881987577639752,19.754716981132077,2.0,9.015151515151516,15.18018018018018,615,351,396,1543,322,151,204,489,49,89,369,195,76,19,111,38,102,231,866,5,9,142
72,COD,2016 09,5,25,21,25,36,65,2,23,41,5.4,3.12,5.571428571428571,6.12,5.083333333333333,6.1692307692307695,1.0,2.130434782608696,6.512195121951219,192,151,65,616,92,50,56,144,18,38,174,27,23,173,2,80,176,53,348,3,10,70
73,ETH,2016 09,34,92,62,91,162,147,5,48,92,4.529411764705882,10.141304347826088,6.274193548387097,6.527472527472527,15.808641975308642,17.122448979591837,0.8,4.75,8.923913043478262,510,281,350,1806,726,143,105,135,36,58,227,102,34,132,6,23,228,66,293,22,10,76
74,CAF,2016 09,9,49,43,31,98,139,2,47,93,1.8888888888888888,3.3469387755102042,3.6744186046511627,5.838709677419355,7.428571428571429,11.640287769784173,1.0,2.702127659574468,11.666666666666666,58,27,44,183,65,8,16,21,1,0,61,6,5,1,17,1,26,7,152,7,10,74
75,SSD,2016 09,13,80,65,48,159,164,13,53,75,4.769230769230769,9.3875,8.307692307692308,7.354166666666667,14.823899371069182,19.98170731707317,2.3076923076923075,8.018867924528301,13.173333333333334,545,342,364,1618,337,106,175,254,26,68,472,143,114,27,35,74,142,96,610,4,10,263
76,COD,2016 10,5,20,19,5,56,67,0,14,60,2.2,2.05,3.8947368421052633,4.8,6.428571428571429,8.059701492537313,0.0,2.2142857142857144,9.866666666666667,148,143,82,497,111,46,43,67,12,41,110,49,33,54,5,16,195,25,208,11,11,60
77,ETH,2016 10,26,96,76,89,173,178,6,52,99,3.8461538461538463,9.322916666666666,9.328947368421053,6.764044943820225,13.369942196531792,22.578651685393258,1.0,5.423076923076923,15.06060606060606,747,265,428,1916,617,125,183,339,52,76,594,117,50,208,25,18,497,73,598,12,11,104
78,CAF,2016 10,6,42,39,32,87,120,6,31,67,2.0,4.5476190476190474,4.051282051282051,3.0,7.747126436781609,11.025,1.3333333333333333,3.6451612903225805,7.7164179104477615,108,69,66,244,61,3,9,41,11,18,75,6,1,8,9,23,59,11,316,0,11,78
79,SSD,2016 10,19,60,60,46,126,148,6,46,93,3.1052631578947367,6.616666666666666,5.9,4.6521739130434785,10.142857142857142,15.452702702702704,1.3333333333333333,5.0,11.956989247311828,384,199,112,963,235,70,77,266,20,81,335,56,68,5,18,40,113,160,522,3,11,171
80,COD,2016 11,12,25,20,28,64,62,3,16,43,2.3333333333333335,3.72,3.7,3.5,5.875,4.838709677419355,1.0,2.25,6.1395348837209305,132,89,104,367,85,47,47,62,26,8,49,17,10,47,23,12,77,61,182,5,12,165
81,ETH,2016 11,32,126,66,111,184,142,3,53,76,4.15625,7.0396825396825395,4.181818181818182,8.513513513513514,15.195652173913043,13.338028169014084,1.0,5.415094339622642,6.881578947368421,412,207,338,1759,488,124,121,308,24,41,245,55,19,109,26,10,379,40,220,0,12,74
82,CAF,2016 11,9,38,30,45,81,94,3,33,58,3.4444444444444446,4.157894736842105,3.066666666666667,3.311111111111111,7.308641975308642,7.031914893617022,2.6666666666666665,3.3333333333333335,8.758620689655173,93,58,43,243,79,10,16,25,6,19,14,8,4,2,6,3,37,9,112,9,12,187
83,SSD,2016 11,14,53,69,68,123,143,7,49,82,2.2857142857142856,9.773584905660377,11.91304347826087,5.147058823529412,11.617886178861788,16.874125874125873,0.7142857142857143,5.163265306122449,11.768292682926829,416,193,145,958,405,92,84,363,8,40,330,67,74,17,47,69,84,70,372,11,12,250
84,COD,2016 12,0,12,18,18,52,45,2,12,37,0.0,3.5833333333333335,2.5,2.0555555555555554,4.480769230769231,6.533333333333333,1.5,1.6666666666666667,6.135135135135135,225,155,111,354,86,43,41,224,6,18,160,53,11,183,14,76,272,42,452,8,1,50
85,ETH,2016 12,47,86,64,108,157,142,8,36,64,8.0,7.6395348837209305,5.109375,7.574074074074074,12.73248407643312,13.809859154929578,2.5,7.944444444444445,5.953125,449,176,303,1422,592,78,189,167,23,22,240,70,43,62,8,13,279,23,153,0,1,91
86,CAF,2016 12,5,44,45,20,85,114,3,32,94,2.6,3.090909090909091,4.466666666666667,3.1,6.729411764705882,12.333333333333334,1.0,3.125,13.925531914893616,60,30,23,122,18,18,12,23,7,0,29,1,1,9,0,3,41,16,88,13,1,11
87,SSD,2016 12,21,65,67,53,102,146,8,51,81,3.5714285714285716,6.815384615384615,6.3283582089552235,5.0,9.27450980392157,15.198630136986301,7.375,4.431372549019608,9.185185185185185,454,228,155,739,199,82,110,209,14,44,159,63,68,24,27,65,169,59,292,48,1,276
88,COD,2017 01,3,19,27,19,49,61,0,13,38,1.6666666666666667,6.7894736842105265,2.0,3.473684210526316,4.3061224489795915,5.295081967213115,0.0,3.6153846153846154,4.052631578947368,104,116,75,321,126,29,49,85,9,8,96,15,18,18,2,0,71,38,138,0,2,188
89,ETH,2017 01,43,103,49,97,200,156,7,47,67,5.255813953488372,9.70873786407767,5.408163265306122,7.247422680412371,13.905,10.557692307692308,1.8571428571428572,6.382978723404255,6.373134328358209,451,172,322,1584,563,102,200,99,35,42,272,62,61,63,9,35,178,23,292,0,2,116
90,CAF,2017 01,7,45,42,29,74,94,3,32,60,2.4285714285714284,3.0,3.9047619047619047,3.103448275862069,5.297297297297297,8.191489361702128,0.6666666666666666,3.875,5.1,66,25,21,136,87,3,25,15,1,1,34,8,2,5,15,5,20,9,84,0,2,36
91,SSD,2017 01,22,62,63,53,103,130,4,31,74,2.909090909090909,6.0,5.349206349206349,4.566037735849057,11.349514563106796,11.438461538461539,1.25,4.193548387096774,7.297297297297297,298,133,143,738,216,50,79,155,20,43,241,71,14,10,13,14,90,59,266,4,2,274
92,COD,2017 02,3,19,17,14,36,44,0,16,52,1.6666666666666667,3.789473684210526,2.2941176470588234,2.9285714285714284,5.083333333333333,3.7954545454545454,0.0,2.875,4.461538461538462,216,92,121,449,164,21,34,114,24,18,115,28,12,26,1,2,76,39,198,7,3,145
93,ETH,2017 02,40,89,65,92,195,137,5,42,56,3.95,7.46067415730337,5.015384615384615,7.760869565217392,12.143589743589743,10.956204379562044,1.6,3.380952380952381,5.428571428571429,409,200,260,1517,486,113,188,121,32,16,176,54,44,33,10,22,202,39,133,6,3,101
94,CAF,2017 02,3,42,36,16,96,121,2,29,67,1.0,3.9523809523809526,3.7222222222222223,4.5625,6.427083333333333,8.322314049586776,1.5,3.103448275862069,7.343283582089552,45,36,16,113,42,1,11,15,10,4,20,4,1,5,34,4,14,41,102,0,3,24
95,SSD,2017 02,14,60,68,44,119,160,4,35,83,3.357142857142857,5.9,8.573529411764707,8.295454545454545,8.008403361344538,15.0125,1.5,3.1714285714285713,8.74698795180723,417,245,207,884,250,78,116,293,41,18,405,66,77,10,10,43,69,57,310,41,3,315
96,COD,2017 03,5,18,9,9,62,48,0,18,28,2.6,3.5,3.7777777777777777,3.3333333333333335,5.612903225806452,5.916666666666667,0.0,3.7777777777777777,3.5,146,84,71,349,93,26,41,73,69,33,113,22,15,11,2,19,103,311,218,4,4,260
97,ETH,2017 03,40,103,71,99,173,152,8,49,85,5.5,7.747572815533981,5.619718309859155,10.8989898989899,13.780346820809248,12.532894736842104,1.75,4.183673469387755,7.6117647058823525,600,158,358,1737,601,225,226,225,29,62,210,84,38,79,6,33,152,98,219,4,4,39
98,CAF,2017 03,14,40,40,32,94,117,3,52,76,1.9285714285714286,4.225,3.325,3.9375,5.914893617021277,8.76923076923077,2.0,5.4423076923076925,10.486842105263158,83,17,25,183,45,11,7,23,4,2,35,12,1,7,7,6,30,25,47,0,4,10
99,SSD,2017 03,18,87,90,45,138,162,0,52,102,3.0555555555555554,5.896551724137931,11.6,3.977777777777778,10.608695652173912,18.01851851851852,0.0,6.269230769230769,11.127450980392156,515,340,204,1157,480,90,197,274,38,35,364,64,147,29,15,29,144,244,465,6,4,282
100,COD,2017 04,4,28,23,14,44,48,0,11,27,2.25,3.357142857142857,4.478260869565218,3.142857142857143,4.7272727272727275,5.291666666666667,0.0,1.5454545454545454,4.444444444444445,146,96,63,349,62,55,17,62,20,20,109,10,8,31,5,25,90,103,202,1,5,95
101,ETH,2017 04,36,92,47,92,165,139,3,39,71,5.0,7.934782608695652,4.76595744680851,8.75,14.545454545454545,10.316546762589928,1.3333333333333333,3.4358974358974357,5.971830985915493,398,146,289,1634,415,67,175,114,23,18,227,61,40,41,8,7,197,21,221,1,5,57
102,CAF,2017 04,2,39,44,25,89,102,3,33,83,1.0,3.4615384615384617,3.340909090909091,3.12,6.101123595505618,8.784313725490197,1.3333333333333333,2.5757575757575757,7.120481927710843,74,11,20,135,41,0,15,32,0,35,19,5,1,0,2,13,19,15,32,0,5,372
103,SSD,2017 04,24,73,77,46,108,149,6,40,114,3.8333333333333335,6.273972602739726,10.012987012987013,4.739130434782608,8.50925925925926,17.322147651006713,1.3333333333333333,5.075,11.157894736842104,326,229,133,1046,274,104,254,321,31,41,267,40,92,6,35,37,57,137,627,29,5,417
104,COD,2017 05,5,26,29,27,54,85,5,22,70,3.2,4.384615384615385,3.9655172413793105,6.518518518518518,5.314814814814815,9.4,5.6,3.090909090909091,12.742857142857142,202,98,75,428,95,53,42,132,29,32,62,33,7,1,21,7,166,21,169,5,6,146
105,ETH,2017 05,48,105,62,125,175,131,6,41,58,3.4583333333333335,8.41904761904762,4.709677419354839,10.656,13.28,11.526717557251908,3.5,4.439024390243903,6.379310344827586,425,198,325,1824,569,162,158,91,25,32,201,90,26,63,9,11,214,41,179,0,6,22
106,CAF,2017 05,13,51,45,37,81,113,6,42,57,3.076923076923077,4.117647058823529,4.488888888888889,3.7027027027027026,6.407407407407407,9.141592920353983,10.5,2.6666666666666665,5.368421052631579,126,37,29,340,29,14,50,38,1,33,66,3,10,12,2,28,27,67,439,1,6,163
107,SSD,2017 05,27,84,69,50,123,159,6,36,80,3.5925925925925926,8.857142857142858,8.478260869565217,5.68,10.276422764227643,15.572327044025156,7.333333333333333,3.75,9.1625,401,271,187,1045,328,123,230,348,26,85,324,60,55,24,18,60,120,48,367,1,6,154
108,COD,2017 06,12,21,38,10,54,57,0,12,37,5.166666666666667,3.761904761904762,4.921052631578948,1.3,3.5555555555555554,6.771929824561403,0.0,2.25,8.621621621621621,174,96,70,400,102,27,33,93,40,24,128,51,13,15,5,10,65,42,284,2,7,91
109,ETH,2017 06,42,97,56,93,160,125,4,35,55,4.4523809523809526,8.309278350515465,8.535714285714286,7.623655913978495,12.39375,12.16,1.0,3.5428571428571427,4.345454545454546,369,282,324,1527,564,88,117,91,19,15,171,41,33,14,20,19,160,16,124,1,7,42
110,CAF,2017 06,12,50,53,26,85,125,2,36,76,2.9166666666666665,3.54,3.7735849056603774,3.230769230769231,6.705882352941177,8.776,1.5,2.9722222222222223,8.131578947368421,65,32,17,155,132,8,23,41,4,6,50,10,4,3,0,7,7,6,193,0,7,103
111,SSD,2017 06,17,71,70,41,118,146,3,41,68,2.176470588235294,6.23943661971831,7.6,3.902439024390244,10.788135593220339,17.171232876712327,1.0,4.121951219512195,9.735294117647058,415,255,160,1194,267,58,257,226,15,34,219,69,44,3,17,43,162,74,344,26,7,267
112,COD,2017 07,3,12,27,12,36,58,2,19,41,1.6666666666666667,2.6666666666666665,4.37037037037037,1.5833333333333333,4.055555555555555,5.9655172413793105,0.5,1.5263157894736843,8.121951219512194,230,66,49,391,45,21,93,100,21,6,80,31,3,10,5,3,77,173,180,4,8,122
113,ETH,2017 07,42,95,43,85,154,130,17,35,50,4.642857142857143,5.842105263157895,4.488372093023256,8.470588235294118,12.116883116883116,8.176923076923076,4.235294117647059,3.1142857142857143,5.04,330,184,196,1262,354,62,103,108,18,36,127,28,29,20,8,7,83,17,127,2,8,33
114,CAF,2017 07,15,34,50,27,73,113,0,24,68,2.2,3.323529411764706,3.66,3.037037037037037,6.3561643835616435,9.15929203539823,0.0,5.625,6.205882352941177,89,20,27,116,51,1,13,18,2,3,46,0,13,0,0,9,7,22,170,2,8,238
115,SSD,2017 07,12,66,63,42,112,135,4,44,67,4.75,3.8333333333333335,5.650793650793651,6.5476190476190474,7.678571428571429,13.14074074074074,0.5,3.5681818181818183,10.313432835820896,283,175,127,664,155,85,123,176,31,45,257,82,35,2,6,32,170,38,333,6,8,184
116,COD,2017 08,5,21,27,16,35,68,2,10,42,3.4,2.9047619047619047,3.5925925925925926,2.875,4.0285714285714285,7.720588235294118,1.0,1.6,7.5,179,67,73,372,93,38,34,122,6,30,78,34,4,89,6,11,67,39,365,20,9,43
117,ETH,2017 08,30,70,50,70,136,110,5,28,55,4.466666666666667,7.785714285714286,5.32,8.471428571428572,11.426470588235293,12.072727272727272,2.0,2.1785714285714284,6.6909090909090905,336,149,332,1298,302,60,147,102,20,51,111,34,12,35,16,11,140,21,116,2,9,219
118,CAF,2017 08,17,51,38,27,85,106,3,26,68,2.176470588235294,2.607843137254902,3.9473684210526314,4.148148148148148,5.552941176470588,9.037735849056604,1.6666666666666667,3.4615384615384617,11.970588235294118,71,38,36,212,30,4,53,30,5,12,54,5,10,6,0,11,6,9,148,3,9,52
119,SSD,2017 08,20,67,69,58,109,120,4,41,74,2.55,4.91044776119403,6.956521739130435,5.827586206896552,8.623853211009175,18.591666666666665,2.25,3.4878048780487805,16.486486486486488,432,190,129,1088,150,51,108,341,20,20,217,65,25,17,11,28,64,49,701,10,9,251
120,COD,2017 09,5,34,33,14,49,72,0,8,44,2.2,5.147058823529412,2.787878787878788,2.2857142857142856,5.346938775510204,4.513888888888889,0.0,1.75,3.5681818181818183,120,60,72,548,79,31,63,91,20,26,89,21,11,25,4,9,83,41,265,10,10,109
121,ETH,2017 09,38,86,59,98,151,141,0,41,63,3.4210526315789473,7.569767441860465,6.47457627118644,5.959183673469388,14.066225165562914,11.48936170212766,0.0,3.292682926829268,9.285714285714286,461,178,318,1438,500,118,143,143,36,31,217,65,31,26,12,42,163,26,278,1,10,16
122,CAF,2017 09,3,45,51,18,88,107,3,21,74,1.3333333333333333,4.4,4.196078431372549,3.0555555555555554,6.3977272727272725,9.962616822429906,1.0,2.3333333333333335,8.18918918918919,67,56,32,218,56,9,46,23,12,3,17,7,14,0,1,4,15,4,87,3,10,157
123,SSD,2017 09,17,62,56,51,103,129,3,31,74,2.8823529411764706,5.387096774193548,4.642857142857143,4.019607843137255,10.12621359223301,12.844961240310077,1.0,4.903225806451613,9.675675675675675,307,177,161,827,204,65,114,180,17,26,176,40,21,8,8,85,50,23,296,1,10,251
124,COD,2017 10,3,29,23,9,63,62,0,18,53,1.3333333333333333,5.241379310344827,4.6521739130434785,3.4444444444444446,5.73015873015873,7.790322580645161,0.0,3.0555555555555554,4.660377358490566,105,99,111,605,131,36,46,101,7,16,71,28,4,11,6,2,50,42,192,0,11,38
125,ETH,2017 10,31,79,55,86,154,114,6,33,58,4.483870967741935,7.949367088607595,6.872727272727273,8.627906976744185,16.876623376623378,13.75438596491228,1.0,3.3333333333333335,9.327586206896552,445,203,443,1826,426,76,177,228,17,21,153,39,29,43,12,49,146,33,205,6,11,73
126,CAF,2017 10,5,48,33,25,88,91,2,26,64,1.8,4.229166666666667,5.636363636363637,2.64,9.363636363636363,8.802197802197803,0.5,2.576923076923077,6.9375,91,26,78,278,57,7,12,48,10,10,33,0,3,4,1,5,11,14,100,0,11,96
127,SSD,2017 10,20,53,50,43,99,112,5,37,59,2.7,6.660377358490566,6.26,6.0,14.16161616161616,12.196428571428571,1.0,5.027027027027027,7.983050847457627,223,137,281,947,247,52,59,123,15,32,120,52,38,36,6,120,55,46,211,25,11,364
128,COD,2017 11,10,30,18,22,44,48,0,18,27,3.1,2.5,4.611111111111111,5.2727272727272725,4.795454545454546,4.645833333333333,0.0,2.2777777777777777,4.518518518518518,105,88,36,396,69,8,48,57,5,14,54,11,9,11,3,7,70,25,102,0,12,173
129,ETH,2017 11,36,83,54,87,152,123,3,39,58,3.0833333333333335,11.0,7.62962962962963,6.011494252873563,12.677631578947368,12.414634146341463,1.3333333333333333,4.769230769230769,5.431034482758621,330,133,416,1343,531,146,149,133,25,23,103,77,46,20,17,25,150,18,235,1,12,94
130,CAF,2017 11,9,47,31,28,88,107,3,33,54,2.3333333333333335,3.2127659574468086,2.5161290322580645,3.3214285714285716,6.1022727272727275,7.514018691588785,1.0,1.7878787878787878,5.055555555555555,42,22,33,174,30,8,50,13,3,4,27,10,7,0,0,1,12,4,55,2,12,114
131,SSD,2017 11,14,70,51,45,97,103,4,27,61,2.7142857142857144,6.1,5.96078431372549,4.511111111111111,9.381443298969073,13.601941747572816,0.75,2.962962962962963,7.442622950819672,238,173,103,723,210,67,125,117,20,19,183,74,28,14,16,40,76,19,192,7,12,321
132,COD,2017 12,4,18,17,9,36,49,4,8,21,1.5,4.888888888888889,5.647058823529412,3.111111111111111,2.8333333333333335,6.061224489795919,1.0,2.875,4.666666666666667,120,59,40,352,82,70,35,128,28,4,98,40,16,54,3,26,193,53,324,10,1,129
133,ETH,2017 12,32,68,48,81,145,126,4,25,63,3.9375,7.367647058823529,5.833333333333333,6.604938271604938,15.020689655172413,13.365079365079366,1.0,2.16,6.349206349206349,448,205,281,1435,410,64,93,111,69,46,128,67,21,14,5,21,135,32,187,7,1,29
134,CAF,2017 12,2,32,52,24,40,123,3,32,83,0.5,3.40625,4.346153846153846,1.9583333333333333,5.3,9.390243902439025,3.0,2.875,11.493975903614459,19,21,39,129,72,15,15,36,0,2,32,2,2,0,0,8,34,7,70,0,1,102
135,SSD,2017 12,10,68,50,37,100,110,2,25,67,3.9,5.161764705882353,6.76,4.918918918918919,9.74,12.918181818181818,0.5,3.24,8.716417910447761,265,137,107,705,223,58,54,191,15,58,167,55,13,9,7,20,121,26,323,6,1,56
136,COD,2018 01,7,19,24,7,38,61,0,8,38,1.8571428571428572,1.8421052631578947,3.3333333333333335,2.0,3.263157894736842,4.278688524590164,0.0,1.75,3.026315789473684,208,142,18,308,66,52,44,116,10,22,136,34,20,144,18,2,145,50,324,6,2,261
137,ETH,2018 01,27,100,60,89,203,163,3,41,50,4.888888888888889,13.12,10.083333333333334,6.955056179775281,19.45320197044335,16.0,1.6666666666666667,4.487804878048781,6.36,699,299,598,2631,606,117,102,386,53,27,278,101,67,12,17,66,373,16,165,5,2,3
138,CAF,2018 01,4,35,32,20,83,116,2,26,76,2.0,2.942857142857143,3.8125,2.7,6.192771084337349,8.525862068965518,1.0,2.923076923076923,12.171052631578947,40,25,8,110,17,7,28,53,2,0,23,1,10,3,8,2,14,1,43,0,2,21
139,SSD,2018 01,15,50,42,31,85,126,0,24,73,4.133333333333334,5.22,4.976190476190476,6.193548387096774,9.776470588235295,12.76984126984127,0.0,3.0833333333333335,6.068493150684931,367,97,98,645,137,79,51,150,18,43,241,58,36,13,18,29,91,29,207,9,2,169
140,COD,2018 02,7,12,21,2,33,47,0,9,25,1.5714285714285714,2.1666666666666665,5.333333333333333,0.5,3.8484848484848486,4.659574468085107,0.0,1.4444444444444444,7.36,157,97,65,397,83,51,56,176,25,14,144,37,17,84,1,11,114,73,280,0,3,108
141,ETH,2018 02,23,98,65,82,164,147,6,38,57,5.478260869565218,6.76530612244898,10.307692307692308,6.524390243902439,12.24390243902439,13.047619047619047,1.8333333333333333,5.7105263157894735,6.9298245614035086,470,221,334,1401,453,100,107,628,17,49,203,84,66,142,5,61,314,21,143,0,3,37
142,CAF,2018 02,8,32,55,32,85,115,0,31,71,2.375,3.28125,4.9818181818181815,3.65625,6.588235294117647,9.539130434782608,0.0,3.0,10.732394366197184,29,27,6,96,47,4,28,23,3,4,25,9,1,2,1,0,4,6,93,1,3,45
143,SSD,2018 02,14,52,61,52,105,130,3,31,72,1.7142857142857142,5.403846153846154,7.491803278688525,5.5576923076923075,9.342857142857143,15.0,1.0,5.129032258064516,9.23611111111111,267,169,94,769,139,93,55,228,23,40,271,44,53,11,16,189,267,50,226,1,3,64
144,COD,2018 03,3,13,15,8,47,55,0,12,46,1.3333333333333333,2.1538461538461537,2.466666666666667,2.625,4.914893617021277,4.945454545454545,0.0,1.4166666666666667,4.804347826086956,205,135,86,426,93,30,42,97,9,11,71,48,15,35,1,6,57,20,213,6,4,106
145,ETH,2018 03,40,118,69,90,182,135,5,49,77,5.1,9.779661016949152,7.043478260869565,8.166666666666666,22.653846153846153,12.651851851851852,1.8,4.63265306122449,7.441558441558442,501,224,961,2466,613,234,164,316,26,41,207,44,41,136,24,36,295,25,343,10,4,41
146,CAF,2018 03,7,46,38,32,91,106,2,26,63,1.8571428571428572,4.304347826086956,3.5789473684210527,3.34375,6.8901098901098905,9.141509433962264,2.0,3.3461538461538463,7.714285714285714,49,17,13,152,27,8,15,9,2,5,58,4,0,3,0,9,22,13,74,0,4,97
147,SSD,2018 03,18,67,56,45,100,113,4,30,58,1.8888888888888888,5.014925373134329,6.285714285714286,4.7555555555555555,10.24,8.256637168141593,1.25,2.566666666666667,5.189655172413793,269,136,74,632,238,56,111,85,21,34,129,40,24,9,14,58,46,22,140,0,4,132
148,COD,2018 04,0,18,19,12,42,57,0,18,40,0.0,2.0555555555555554,2.1578947368421053,1.4166666666666667,5.5476190476190474,5.631578947368421,0.0,3.5555555555555554,5.7,122,104,68,542,44,40,59,63,24,20,55,54,8,6,0,6,39,34,82,0,5,160
149,ETH,2018 04,32,98,55,99,195,119,8,41,47,4.78125,11.76530612244898,6.8545454545454545,7.494949494949495,17.02051282051282,11.277310924369749,2.375,6.463414634146342,5.382978723404255,638,223,396,1878,523,83,96,279,6,86,261,94,21,124,9,46,167,28,128,0,5,40
150,CAF,2018 04,12,42,35,40,97,100,3,37,49,1.5,3.5476190476190474,3.4571428571428573,4.3,7.680412371134021,8.21,1.0,2.3513513513513513,4.346938775510204,56,59,27,173,35,7,8,12,19,11,31,4,7,9,2,0,32,15,138,0,5,133
151,SSD,2018 04,20,56,48,52,82,114,3,24,67,2.35,3.9642857142857144,5.8125,4.211538461538462,10.609756097560975,9.157894736842104,1.0,5.625,6.537313432835821,236,87,108,605,115,73,54,151,9,26,176,64,28,7,19,32,52,61,199,1,5,131
152,COD,2018 05,6,24,16,23,39,63,0,20,49,2.5,4.208333333333333,2.6875,3.5652173913043477,4.128205128205129,8.11111111111111,0.0,2.25,6.510204081632653,394,77,98,757,98,75,27,137,34,19,67,30,14,16,1,24,110,102,123,0,6,92
153,ETH,2018 05,51,128,55,93,171,140,5,66,48,5.9411764705882355,10.4453125,9.727272727272727,12.365591397849462,16.058479532163744,11.635714285714286,1.0,4.803030303030303,5.583333333333333,478,238,626,2047,523,177,143,562,18,40,209,81,18,21,33,95,233,20,150,0,6,225
154,CAF,2018 05,11,46,57,24,95,115,5,27,59,1.7272727272727273,3.130434782608696,4.894736842105263,4.833333333333333,8.43157894736842,15.539130434782608,0.8,2.814814814814815,7.610169491525424,119,47,20,186,93,5,10,12,6,18,46,3,21,16,2,1,22,34,150,0,6,83
155,SSD,2018 05,29,63,54,48,111,117,5,26,63,2.8620689655172415,4.634920634920635,3.888888888888889,4.645833333333333,9.612612612612613,9.05982905982906,1.4,4.384615384615385,4.73015873015873,212,138,134,708,161,55,108,109,6,22,144,55,38,13,3,54,45,48,102,1,6,146
156,COD,2018 06,8,24,33,13,43,59,3,13,36,1.125,2.0,2.3333333333333335,2.230769230769231,3.5348837209302326,5.898305084745763,2.6666666666666665,1.4615384615384615,3.8055555555555554,121,71,49,346,54,20,44,98,11,20,96,40,29,12,4,0,55,15,73,0,7,112
157,ETH,2018 06,37,100,55,97,180,158,3,54,71,4.891891891891892,12.49,8.854545454545455,11.195876288659793,21.605555555555554,16.879746835443036,1.0,7.0,7.042253521126761,637,275,891,2682,781,134,145,380,57,41,315,181,48,86,18,70,130,46,344,0,7,88
158,CAF,2018 06,11,35,34,26,86,119,3,36,37,1.2727272727272727,3.1714285714285713,5.0588235294117645,2.8461538461538463,6.209302325581396,7.436974789915967,1.6666666666666667,2.6666666666666665,4.081081081081081,43,32,42,87,49,6,28,35,6,11,53,8,1,10,3,3,33,16,42,3,7,30
159,SSD,2018 06,14,62,52,43,117,100,6,34,67,3.642857142857143,8.693548387096774,8.615384615384615,6.0,11.282051282051283,15.98,1.6666666666666667,3.5294117647058822,5.91044776119403,262,147,391,1269,199,14,36,111,6,32,227,165,38,8,2,35,23,46,190,1,7,174
160,COD,2018 07,5,18,15,14,44,62,0,19,46,1.8,2.888888888888889,1.7333333333333334,2.642857142857143,3.0454545454545454,3.6129032258064515,0.0,1.631578947368421,7.1521739130434785,203,76,43,436,84,38,34,84,17,13,81,31,25,13,0,26,72,34,120,0,8,89
161,ETH,2018 07,41,80,47,100,187,123,9,51,66,7.682926829268292,16.8625,11.51063829787234,15.72,28.62566844919786,15.333333333333334,3.0,7.784313725490196,10.93939393939394,762,231,897,3178,1707,153,146,327,45,31,284,125,76,60,9,142,116,75,502,11,8,14
162,CAF,2018 07,8,41,38,21,101,99,0,33,40,2.375,4.463414634146342,2.763157894736842,4.9523809523809526,7.554455445544554,7.929292929292929,0.0,3.1515151515151514,5.3,33,36,23,67,21,6,23,26,5,3,22,12,18,4,0,1,16,33,183,0,8,43
163,SSD,2018 07,26,55,45,42,108,116,5,34,72,3.9615384615384617,7.472727272727273,6.555555555555555,4.142857142857143,8.842592592592593,11.120689655172415,1.0,3.1470588235294117,5.805555555555555,240,146,157,692,339,37,66,104,36,18,262,98,8,12,3,46,52,46,162,2,8,46
164,COD,2018 08,4,23,20,12,42,58,0,30,49,4.5,6.478260869565218,4.85,4.833333333333333,7.976190476190476,9.241379310344827,0.0,4.066666666666666,14.0,271,91,87,825,166,38,21,120,14,32,113,60,33,24,3,8,102,34,161,5,9,140
165,ETH,2018 08,27,99,52,95,181,124,9,42,62,6.074074074074074,10.656565656565656,6.211538461538462,10.936842105263159,19.988950276243095,13.975806451612904,2.5555555555555554,5.928571428571429,10.419354838709678,623,274,476,2458,881,152,96,210,18,38,208,35,46,89,32,60,217,61,356,1,9,47
166,CAF,2018 08,7,35,42,28,104,110,3,25,45,1.8571428571428572,4.085714285714285,4.0476190476190474,4.035714285714286,8.211538461538462,14.709090909090909,1.6666666666666667,2.64,7.866666666666666,94,28,77,284,118,13,25,19,20,5,20,1,0,1,0,21,33,73,407,1,9,1
167,SSD,2018 08,20,54,54,59,105,98,5,35,49,3.8,10.25925925925926,8.425925925925926,4.8474576271186445,11.057142857142857,10.66326530612245,2.2,3.742857142857143,4.285714285714286,196,130,214,687,465,53,48,121,18,26,172,96,14,5,9,63,149,11,138,2,9,55
168,COD,2018 09,11,23,8,18,39,32,3,23,17,2.090909090909091,3.217391304347826,3.0,3.5,4.717948717948718,3.78125,2.0,2.6956521739130435,4.0588235294117645,158,42,50,261,74,23,21,56,7,15,73,9,3,16,2,3,96,20,111,1,10,117
169,ETH,2018 09,36,80,50,83,167,131,4,35,57,9.86111111111111,21.3125,8.14,11.349397590361447,21.227544910179642,10.961832061068701,1.5,8.371428571428572,9.368421052631579,462,262,547,2376,1468,107,98,215,27,16,195,65,26,104,33,42,155,30,307,2,10,84
170,CAF,2018 09,7,27,29,20,71,97,4,17,39,1.7142857142857142,4.037037037037037,2.3448275862068964,3.35,6.253521126760563,6.680412371134021,1.25,1.2941176470588236,6.076923076923077,47,37,31,120,29,21,29,7,3,5,10,0,0,0,0,4,8,6,73,0,10,4
171,SSD,2018 09,29,65,51,56,116,100,11,38,66,3.8275862068965516,7.676923076923077,8.254901960784315,4.625,8.879310344827585,9.0,1.2727272727272727,5.552631578947368,5.651515151515151,211,132,103,591,371,69,60,105,11,10,150,18,7,7,11,25,117,62,172,2,10,58
172,COD,2018 10,8,24,10,13,39,43,2,17,25,1.875,4.041666666666667,1.7,3.6153846153846154,5.3076923076923075,4.883720930232558,0.5,5.352941176470588,5.92,161,45,63,474,130,37,46,54,9,22,94,25,36,10,14,14,77,108,141,11,11,180
173,ETH,2018 10,38,81,47,99,146,108,4,26,55,6.526315789473684,8.382716049382717,5.51063829787234,9.424242424242424,16.006849315068493,8.398148148148149,1.75,5.3076923076923075,5.5636363636363635,344,137,395,1396,698,120,74,128,13,34,105,25,20,36,6,33,131,9,155,0,11,36
174,CAF,2018 10,10,41,41,29,100,102,8,45,62,1.2,3.975609756097561,3.7804878048780486,2.793103448275862,7.01,9.343137254901961,2.5,3.933333333333333,8.46774193548387,40,33,12,151,42,5,16,12,11,1,23,1,8,4,0,2,13,3,67,0,11,55
175,SSD,2018 10,35,68,45,64,101,111,3,23,60,4.0285714285714285,5.617647058823529,5.444444444444445,8.90625,9.643564356435643,9.333333333333334,1.3333333333333333,3.608695652173913,5.5,225,70,144,815,333,41,110,154,4,10,163,24,3,25,6,19,78,74,121,0,11,22
176,COD,2018 11,10,24,26,13,47,70,3,22,57,2.0,3.25,2.3076923076923075,3.3846153846153846,11.404255319148936,7.1,1.3333333333333333,3.6363636363636362,6.192982456140351,118,63,111,428,108,36,25,64,9,21,82,27,20,42,0,20,68,52,211,3,12,284
177,ETH,2018 11,44,102,44,118,189,106,9,48,55,4.818181818181818,9.323529411764707,6.4772727272727275,7.805084745762712,15.682539682539682,13.59433962264151,2.4444444444444446,4.833333333333333,5.2,359,138,488,1945,702,128,142,193,32,26,177,62,69,49,8,49,209,42,162,0,12,102
178,CAF,2018 11,7,36,37,24,88,92,4,33,63,3.5714285714285716,5.027777777777778,3.324324324324324,3.375,7.784090909090909,7.358695652173913,1.75,3.121212121212121,6.809523809523809,90,55,55,304,33,0,56,22,2,9,44,5,4,9,2,35,43,19,161,1,12,17
179,SSD,2018 11,32,59,52,68,118,102,5,34,48,3.4375,7.5423728813559325,4.634615384615385,5.544117647058823,11.254237288135593,6.990196078431373,1.8,4.0588235294117645,6.354166666666667,228,187,163,836,343,56,63,173,20,13,129,29,27,15,8,6,72,28,158,0,12,76
180,COD,2018 12,4,17,13,14,44,47,0,22,28,2.0,1.8823529411764706,2.3076923076923075,3.0714285714285716,5.25,4.872340425531915,0.0,4.2272727272727275,3.9285714285714284,358,109,109,500,138,54,41,85,24,28,135,72,40,30,5,35,152,47,232,2,1,253
181,ETH,2018 12,54,112,56,141,203,117,5,51,65,4.981481481481482,9.116071428571429,7.714285714285714,7.141843971631205,13.758620689655173,12.196581196581196,1.4,4.647058823529412,6.384615384615385,554,199,493,1787,774,185,159,158,39,33,184,52,14,27,23,29,172,78,230,0,1,18
182,CAF,2018 12,11,40,41,23,89,127,5,30,60,1.9090909090909092,3.15,4.512195121951219,2.347826086956522,7.617977528089888,13.89763779527559,0.8,2.966666666666667,10.283333333333333,27,27,26,151,37,34,7,19,3,4,11,8,4,8,6,2,7,10,83,1,1,32
183,SSD,2018 12,16,55,36,52,85,84,5,26,53,4.125,5.163636363636364,5.083333333333333,4.653846153846154,9.411764705882353,8.5,1.0,3.1538461538461537,6.113207547169812,169,90,109,507,159,40,68,76,15,20,89,21,14,10,8,21,25,56,129,0,1,126
184,COD,2019 01,5,31,13,13,61,57,0,26,37,2.6,3.6129032258064515,2.4615384615384617,3.5384615384615383,6.278688524590164,3.192982456140351,0.0,3.923076923076923,4.135135135135135,490,341,168,743,295,71,29,215,26,31,297,112,39,45,11,18,84,38,186,2,2,227
185,ETH,2019 01,49,89,51,106,186,123,3,35,64,5.816326530612245,8.370786516853933,5.294117647058823,10.00943396226415,11.758064516129032,11.626016260162602,1.0,3.7142857142857144,6.984375,336,135,317,1752,550,96,152,158,13,31,108,32,34,51,18,20,158,43,196,0,2,12
186,CAF,2019 01,7,46,46,41,117,118,5,42,62,2.2857142857142856,5.934782608695652,3.5652173913043477,4.585365853658536,16.196581196581196,14.516949152542374,1.4,7.0,6.854838709677419,31,29,85,204,44,18,4,21,6,2,30,10,2,6,4,7,14,15,94,1,2,12
187,SSD,2019 01,21,51,34,47,71,68,4,19,45,3.0,6.607843137254902,3.2058823529411766,3.978723404255319,7.408450704225352,7.661764705882353,1.5,4.894736842105263,4.911111111111111,136,69,84,287,184,16,39,71,17,13,87,7,13,11,30,5,53,19,94,1,2,63
188,COD,2019 02,15,31,19,30,57,40,2,22,26,4.6,5.290322580645161,4.894736842105263,4.633333333333334,5.754385964912281,5.15,1.0,2.5,3.230769230769231,96,52,60,608,112,17,26,45,9,30,48,32,8,23,0,6,50,10,115,0,3,123
189,ETH,2019 02,35,98,49,101,185,107,8,39,40,7.857142857142857,9.989795918367347,6.163265306122449,9.188118811881187,13.21081081081081,10.63551401869159,1.125,2.6923076923076925,5.35,401,184,342,1842,511,109,166,153,8,19,88,25,26,43,6,15,71,31,109,0,3,2
190,CAF,2019 02,11,38,27,39,79,71,3,36,41,3.4545454545454546,4.368421052631579,2.3333333333333335,4.923076923076923,11.91139240506329,11.112676056338028,1.0,3.611111111111111,4.536585365853658,91,14,108,208,148,12,14,13,3,11,18,0,4,0,2,10,11,6,44,0,3,24
191,SSD,2019 02,15,44,34,49,88,78,5,25,40,3.2666666666666666,5.2272727272727275,4.235294117647059,4.36734693877551,7.068181818181818,8.064102564102564,1.2,2.52,4.45,161,81,74,412,153,19,31,66,9,22,45,43,13,14,5,7,51,15,74,0,3,63
192,COD,2019 03,9,30,12,18,45,35,4,14,19,3.5555555555555554,3.533333333333333,3.8333333333333335,3.7777777777777777,5.177777777777778,4.742857142857143,0.75,2.357142857142857,3.1578947368421053,99,90,87,459,88,21,58,82,16,6,69,12,12,18,1,4,55,25,113,4,4,122
193,ETH,2019 03,42,111,67,105,232,200,7,92,103,4.976190476190476,13.82882882882883,10.656716417910447,9.361904761904762,31.25,35.13,2.142857142857143,10.880434782608695,11.893203883495145,2271,600,814,5554,670,428,208,249,332,209,384,125,63,55,6,96,283,22,1550,1,4,44
194,CAF,2019 03,9,35,39,30,83,88,0,28,46,1.3333333333333333,3.2285714285714286,3.1794871794871793,3.3333333333333335,7.807228915662651,8.647727272727273,0.0,2.4642857142857144,7.3478260869565215,58,26,19,179,43,5,12,8,0,4,12,2,0,4,0,2,7,8,18,0,4,16
195,SSD,2019 03,19,58,35,60,96,92,6,19,40,3.9473684210526314,5.258620689655173,4.114285714285714,4.716666666666667,9.53125,11.293478260869565,2.6666666666666665,5.473684210526316,4.25,352,131,99,660,160,19,51,67,7,18,106,19,33,9,13,21,81,27,81,0,4,74
196,COD,2019 04,8,29,10,15,40,35,2,18,25,3.125,2.689655172413793,1.9,3.066666666666667,3.775,3.742857142857143,1.0,2.388888888888889,3.0,76,50,42,294,148,36,39,60,10,16,35,19,22,9,4,3,39,38,138,5,5,180
197,ETH,2019 04,48,74,47,88,188,128,5,39,63,4.354166666666667,8.243243243243244,4.74468085106383,10.511363636363637,16.18617021276596,17.96875,0.8,4.615384615384615,7.777777777777778,769,239,356,2339,628,119,72,82,82,47,187,34,44,25,12,35,85,16,348,0,5,8
198,CAF,2019 04,8,35,25,19,69,85,0,27,75,1.375,3.7142857142857144,3.24,3.263157894736842,5.898550724637682,7.552941176470588,0.0,2.111111111111111,4.1066666666666665,28,14,9,107,21,17,14,14,3,0,13,1,2,3,7,1,2,4,43,2,5,0
199,SSD,2019 04,20,42,34,38,93,84,6,25,51,3.35,4.571428571428571,3.764705882352941,5.578947368421052,10.688172043010752,11.047619047619047,1.8333333333333333,2.52,3.8627450980392157,309,172,130,687,202,22,57,35,11,5,55,33,26,3,2,12,42,23,116,2,5,58
200,COD,2019 05,13,23,10,14,28,32,0,20,26,10.846153846153847,2.6956521739130435,1.9,3.2857142857142856,2.392857142857143,5.28125,0.0,2.95,5.8076923076923075,204,39,50,520,68,38,49,88,6,12,35,22,28,3,3,14,63,19,142,0,6,295
201,ETH,2019 05,46,76,50,92,169,105,5,35,51,4.739130434782608,6.25,6.5,9.0,11.55621301775148,14.428571428571429,1.0,3.2857142857142856,5.352941176470588,462,172,256,1539,493,113,61,91,28,34,124,33,28,14,5,6,110,9,171,1,6,3
202,CAF,2019 05,16,46,31,21,67,97,15,24,50,5.25,3.391304347826087,3.5161290322580645,4.9523809523809526,8.238805970149254,8.649484536082474,1.8666666666666667,1.75,5.72,31,13,21,69,48,3,28,56,7,1,22,5,9,0,0,0,4,7,89,1,6,0
203,SSD,2019 05,27,58,26,51,102,85,6,24,46,4.2592592592592595,5.844827586206897,3.6153846153846154,5.7254901960784315,7.392156862745098,7.776470588235294,2.3333333333333335,4.833333333333333,5.521739130434782,213,96,106,448,247,40,73,47,32,25,135,39,20,12,19,20,40,55,113,1,6,47
204,COD,2019 06,6,28,11,17,42,29,0,15,25,2.8333333333333335,4.035714285714286,3.0,2.7058823529411766,3.880952380952381,5.068965517241379,0.0,1.3333333333333333,2.76,174,68,70,452,104,33,32,66,5,6,58,4,4,13,9,1,34,5,127,3,7,180
205,ETH,2019 06,30,85,69,87,162,164,3,46,85,3.1333333333333333,7.117647058823529,10.246376811594203,6.528735632183908,12.049382716049383,17.26219512195122,1.0,4.8478260869565215,15.647058823529411,741,407,401,2170,463,91,101,113,45,40,275,52,41,46,9,39,270,78,736,1,7,0
206,CAF,2019 06,11,44,31,28,79,89,3,22,55,1.8181818181818181,3.727272727272727,3.161290322580645,2.5357142857142856,7.6455696202531644,8.842696629213483,1.3333333333333333,1.8636363636363635,5.2,25,23,19,102,82,11,9,13,5,9,11,1,0,6,0,0,34,0,30,0,7,13
207,SSD,2019 06,14,46,37,52,64,64,2,20,32,4.571428571428571,3.608695652173913,4.1891891891891895,3.480769230769231,6.171875,7.21875,1.0,2.3,2.40625,82,43,34,264,78,28,54,75,11,3,38,17,3,0,3,9,95,8,37,0,7,51
208,COD,2019 07,3,13,12,12,32,30,0,12,22,2.3333333333333335,2.5384615384615383,4.083333333333333,2.8333333333333335,3.40625,3.1,0.0,1.9166666666666667,2.727272727272727,144,73,46,592,80,40,31,88,9,14,55,18,8,13,12,0,113,40,87,4,8,110
209,ETH,2019 07,40,77,67,81,165,138,6,47,87,5.225,6.753246753246753,6.701492537313433,10.567901234567902,10.56969696969697,14.028985507246377,1.3333333333333333,4.574468085106383,12.25287356321839,551,214,353,1430,454,114,119,127,44,54,250,88,65,153,9,26,169,57,377,4,8,5
210,CAF,2019 07,11,26,46,31,70,116,5,18,55,2.3636363636363638,6.461538461538462,4.369565217391305,3.5483870967741935,7.185714285714286,11.198275862068966,0.8,2.111111111111111,5.636363636363637,15,17,19,69,54,9,0,23,5,2,9,3,1,0,0,0,9,10,24,0,8,0
211,SSD,2019 07,29,53,37,53,75,83,6,22,44,3.0,6.169811320754717,3.945945945945946,6.169811320754717,8.893333333333333,7.602409638554217,0.6666666666666666,3.6363636363636362,4.318181818181818,141,46,163,467,165,20,29,53,16,7,106,22,17,17,8,5,102,13,98,0,8,86
212,COD,2019 08,3,3,6,17,22,26,0,9,10,3.3333333333333335,2.6666666666666665,1.5,3.0588235294117645,4.136363636363637,4.961538461538462,0.0,1.7777777777777777,4.3,156,41,55,418,113,24,36,60,7,13,27,4,11,9,7,10,50,14,98,0,9,67
213,ETH,2019 08,33,79,43,97,137,98,5,36,49,4.2727272727272725,8.379746835443038,5.488372093023256,7.814432989690721,14.627737226277372,10.214285714285714,2.2,3.4444444444444446,4.73469387755102,358,150,342,1261,521,123,111,109,28,20,141,44,13,26,9,3,139,50,142,0,9,47
214,CAF,2019 08,12,48,44,27,69,92,2,18,51,2.4166666666666665,4.020833333333333,4.045454545454546,1.7777777777777777,6.855072463768116,8.695652173913043,0.5,2.5555555555555554,5.03921568627451,31,11,21,82,8,5,2,18,2,0,4,1,2,0,0,2,13,5,23,2,9,70
215,SSD,2019 08,21,42,35,50,81,71,5,16,37,3.3333333333333335,5.4523809523809526,2.9714285714285715,4.66,11.419753086419753,6.901408450704225,2.0,1.8125,3.0,157,124,85,566,128,16,38,54,10,14,77,15,3,2,3,7,27,17,51,0,9,68
216,COD,2019 09,3,22,14,10,31,28,0,9,22,1.0,3.1363636363636362,2.642857142857143,1.7,5.032258064516129,4.892857142857143,0.0,3.6666666666666665,3.1363636363636362,52,25,106,465,71,47,31,52,15,8,27,20,1,81,2,10,74,36,122,0,10,126
217,ETH,2019 09,40,87,38,75,151,109,3,30,66,3.825,7.551724137931035,6.078947368421052,8.053333333333333,11.986754966887418,9.064220183486238,1.0,4.066666666666666,5.303030303030303,366,208,273,1201,382,71,88,93,26,12,139,82,14,40,6,43,109,15,165,0,10,45
218,CAF,2019 09,8,35,40,30,64,84,4,11,58,1.875,3.7142857142857144,4.2,4.233333333333333,7.546875,7.5,1.25,2.8181818181818183,6.586206896551724,38,6,54,101,25,6,12,5,1,0,5,2,1,1,1,1,16,5,48,2,10,27
219,SSD,2019 09,27,58,29,57,88,66,4,18,36,5.037037037037037,5.741379310344827,4.620689655172414,7.192982456140351,10.625,9.818181818181818,1.75,2.611111111111111,3.611111111111111,178,83,158,752,216,20,43,41,27,18,84,32,7,6,12,14,31,15,63,0,10,19
220,COD,2019 10,9,23,12,10,33,27,0,11,19,1.4444444444444444,3.0,3.75,2.3,6.515151515151516,4.333333333333333,0.0,5.545454545454546,3.6842105263157894,114,60,66,365,74,17,6,28,6,4,36,7,1,10,0,5,22,13,65,4,11,120
221,ETH,2019 10,36,83,50,121,160,119,11,38,72,5.972222222222222,12.024096385542169,5.44,13.578512396694215,20.06875,14.899159663865547,5.636363636363637,6.5,6.402777777777778,682,230,589,2163,704,134,96,181,42,60,339,207,21,77,7,51,138,23,280,6,11,6
222,CAF,2019 10,16,41,19,32,75,75,3,14,41,3.1875,4.024390243902439,2.1578947368421053,3.09375,5.706666666666667,6.626666666666667,1.3333333333333333,2.5,3.8780487804878048,36,18,32,131,44,5,14,25,2,0,8,1,8,0,6,3,3,3,69,0,11,0
223,SSD,2019 10,23,57,29,69,110,81,3,24,38,4.782608695652174,7.192982456140351,8.689655172413794,7.202898550724638,11.590909090909092,10.320987654320987,1.3333333333333333,3.1666666666666665,6.078947368421052,174,114,176,990,219,31,44,59,14,21,186,28,25,11,1,19,29,5,115,0,11,2
