Country_Code,YearMonth,G-P Nodes,G-I Nodes,G-N Nodes,N-P Nodes,N-I Nodes,N-N Nodes,B-P Nodes,B-I Nodes,B-N Nodes,G-P Degree,G-I Degree,G-N Degree,N-P Degree,N-I Degree,N-N Degree,B-P Degree,B-I Degree,B-N Degree,E1,E2,E3,E4,E5,E6,E7,E8,E9,E10,E11,E12,E13,E14,E15,E16,E17,E18,E19,E20,fatalities
COD,2015 04,0,61,30,0,75,41,0,36,44,0,6.131147541,4.333333333,0,5.093333333,4.048780488,0,3.166666667,5.227272727,110,133,54,309,171,27,39,29,18,19,78,38,17,4,4,17,72,59,156,44,50
ETH,2015 04,33,190,87,29,261,152,5,111,120,5.575757576,13.9,10.28735632,4.034482759,16.52490421,14.11842105,2,7.414414414,14.35,636,205,325,1718,841,127,169,213,17,61,443,61,96,122,12,74,216,81,521,2,0
CAF,2015 04,8,80,45,2,115,65,0,66,74,1.625,6.225,6.377777778,1,7.32173913,9.523076923,0,4.303030303,6.918918919,74,10,34,112,113,18,20,36,8,2,12,8,4,3,9,1,56,24,50,10,1
SSD,2015 04,9,151,53,16,166,88,0,86,68,2.555555556,8.225165563,5.037735849,3.6875,11.86144578,8.318181818,0,8.034883721,8.955882353,273,108,130,734,194,41,110,108,16,44,219,74,27,5,5,19,53,37,404,2,361
COD,2015 05,6,79,41,3,83,49,0,37,38,1.333333333,5.974683544,6.195121951,1.333333333,6.879518072,6.469387755,0,5.216216216,3.157894737,90,144,36,397,171,29,54,65,19,8,92,6,5,7,11,11,44,41,352,106,77
ETH,2015 05,43,194,75,24,244,114,5,111,94,3.162790698,12.67525773,7.613333333,5.916666667,17.98360656,15.72807018,0.8,9.252252252,13.37234043,669,294,256,1613,591,153,183,83,50,42,441,89,34,341,12,42,216,132,307,2,0
CAF,2015 05,5,84,41,7,118,56,0,56,52,1.2,6.952380952,12.73170732,3,8.313559322,11.08928571,0,4.178571429,15.53846154,100,68,53,167,82,21,63,101,16,2,74,31,9,15,5,4,5,5,48,4,1
SSD,2015 05,16,138,74,3,172,111,2,85,100,2.25,8.557971014,7,3.333333333,14.36627907,13.67567568,0.5,9.376470588,15.65,440,223,137,857,200,50,96,150,18,78,307,69,57,23,23,42,150,72,713,11,262
COD,2015 06,3,57,19,2,57,37,0,37,30,1.666666667,5.333333333,3.894736842,0.5,6.771929825,4.243243243,0,2.621621622,3,77,183,38,377,216,29,26,33,14,8,61,12,16,3,7,2,83,36,289,136,107
ETH,2015 06,27,178,54,23,221,78,2,92,82,2.925925926,12.45505618,7.703703704,2.869565217,17.52036199,9.269230769,2,5.184782609,10.04878049,402,137,339,1408,444,181,105,100,28,102,160,64,32,56,8,26,149,84,238,4,48
CAF,2015 06,6,82,37,4,105,55,0,53,64,3,6.341463415,10.24324324,1.75,9.285714286,10.25454545,0,4.301886792,13.078125,27,22,66,85,25,21,16,28,6,10,27,10,1,0,2,3,14,12,57,0,6
SSD,2015 06,24,141,64,10,171,105,2,79,84,2.166666667,9.283687943,7.125,3.5,13.85964912,9.485714286,0.5,7.379746835,9.714285714,286,200,119,897,203,64,105,216,20,36,204,58,12,14,17,34,85,48,392,4,205
COD,2015 07,4,54,39,0,84,55,0,33,43,2,3.907407407,3.615384615,0,5.547619048,4.036363636,0,3.242424242,3.790697674,129,156,37,368,149,39,27,47,3,10,63,16,10,13,23,6,56,16,261,107,33
ETH,2015 07,48,210,80,31,318,118,5,127,95,3.520833333,22.88571429,9.475,4.483870968,31.3490566,15.09322034,1.2,9.535433071,8.957894737,746,357,884,3825,657,179,372,287,79,88,348,88,76,80,48,27,209,76,423,5,93
CAF,2015 07,11,92,52,15,118,58,0,70,71,2.727272727,4.97826087,6.865384615,1.666666667,8.457627119,8.637931034,0,4.028571429,8.591549296,57,19,24,206,27,11,39,48,4,5,21,3,8,3,25,10,9,6,85,6,1
SSD,2015 07,22,133,73,12,162,120,2,104,88,2.454545455,11.42105263,7.753424658,1.666666667,19.29012346,11.59166667,0.5,8.769230769,12.64772727,418,216,163,1065,294,101,65,153,19,66,306,98,72,22,17,97,92,100,436,3,187
COD,2015 08,3,69,34,0,90,55,0,47,58,1.333333333,6.057971014,5.117647059,0,8.911111111,5.963636364,0,6.510638298,9.103448276,170,219,124,624,181,28,55,72,30,21,66,30,15,17,4,6,103,76,246,85,63
ETH,2015 08,37,184,72,26,259,106,6,109,100,3.756756757,16.94565217,11.19444444,3.461538462,23.50579151,13.30188679,1.333333333,6.577981651,8.22,533,246,472,2564,756,128,141,131,37,35,169,64,37,41,7,53,186,69,276,4,98
CAF,2015 08,4,103,48,6,155,65,2,87,69,0.5,8.106796117,5.770833333,1.833333333,13.6,7.461538462,1,7.862068966,7.768115942,117,56,49,252,39,31,49,71,18,7,75,7,6,18,5,54,29,81,230,3,47
SSD,2015 08,30,157,76,9,205,115,5,108,95,3.933333333,22.34394904,13.57894737,2.888888889,26.14146341,13.49565217,1,16.58333333,14.62105263,673,457,389,1544,1141,112,123,171,41,88,516,291,116,49,11,88,213,32,907,6,173
COD,2015 09,9,59,51,0,76,82,2,46,70,1.333333333,7.644067797,5.568627451,0,10.02631579,7.670731707,8,3.804347826,6.971428571,150,97,51,441,195,42,38,61,9,3,116,26,14,14,12,20,138,88,251,68,42
ETH,2015 09,50,187,60,27,244,80,2,96,71,4.38,12.51871658,5.3,3.814814815,18,6.825,1.5,7.260416667,5.732394366,353,175,246,1623,456,112,213,223,23,44,191,44,14,22,11,30,163,34,203,0,76
CAF,2015 09,8,99,49,5,135,78,2,72,76,1.5,6.787878788,7.265306122,2,9.214814815,8.512820513,7.5,4.291666667,11.13157895,69,117,132,299,42,20,38,61,1,8,63,1,12,19,11,26,41,53,172,7,51
SSD,2015 09,35,133,61,18,170,89,6,87,74,4.114285714,15.01503759,6.163934426,3.611111111,16.7,9.494382022,1.333333333,7.954022989,9.810810811,311,175,277,854,418,57,161,136,20,59,356,92,33,5,4,33,68,42,407,5,109
COD,2015 10,5,64,42,2,82,64,0,42,54,1.2,7.234375,8.119047619,1,8.853658537,9.421875,0,3.452380952,6.462962963,121,85,68,403,115,27,32,37,9,11,98,21,2,21,0,18,108,56,169,52,58
ETH,2015 10,42,181,65,25,253,97,6,100,72,3.333333333,14.09944751,6.692307692,4,17.79841897,6.680412371,1.666666667,7.29,6.013888889,451,207,443,1593,413,143,96,185,63,60,176,80,40,31,17,24,157,34,154,0,74
CAF,2015 10,11,99,35,9,127,61,2,78,53,3.454545455,6.202020202,5.257142857,2.333333333,10.13385827,7.163934426,0.5,5.435897436,7.075471698,59,135,159,261,45,14,19,82,1,17,44,3,2,10,3,11,22,35,140,0,20
SSD,2015 10,17,148,56,11,152,81,8,95,65,3.882352941,11.0472973,6.928571429,3.454545455,16.31578947,8.197530864,1.25,10.30526316,9.292307692,389,203,218,724,354,80,64,145,42,107,221,70,38,11,11,69,124,39,281,9,259
COD,2015 11,8,91,52,5,133,73,0,67,51,1.375,19.10989011,8.519230769,2.2,35.56390977,13.30136986,0,6.358208955,6.666666667,73,81,81,455,159,31,39,61,11,14,64,9,2,11,1,6,54,67,155,46,99
ETH,2015 11,40,169,67,29,239,88,7,99,89,3.15,20.52071006,7.134328358,3.931034483,23.0460251,8.920454545,1.571428571,10.86868687,4.539325843,507,206,552,1856,647,124,201,77,150,18,185,48,15,8,2,18,139,37,217,1,128
CAF,2015 11,10,96,36,2,121,68,0,65,59,3.4,6.885416667,6.638888889,2.5,9.074380165,6.485294118,0,4.307692308,7.050847458,233,162,679,1605,115,15,46,76,20,43,68,2,8,12,23,31,42,29,264,0,29
SSD,2015 11,31,127,56,21,178,73,6,93,76,3.935483871,11.72440945,5.428571429,3.571428571,15.25842697,9.02739726,1,9.978494624,7.065789474,327,130,365,825,244,54,72,170,18,51,215,48,29,6,3,168,47,55,353,2,78
COD,2015 12,9,94,40,4,130,62,0,66,49,2.111111111,9.819148936,4.55,2.5,26.88461538,11.53225806,0,8.696969697,8.367346939,128,104,72,415,83,25,40,60,2,13,71,18,30,12,3,2,259,30,128,38,78
ETH,2015 12,31,187,52,21,230,103,2,119,108,3.225806452,26.02139037,6.769230769,5.761904762,28.30434783,9.398058252,0.5,12.54621849,10.77777778,466,248,799,2092,909,93,176,127,163,27,321,81,59,181,9,56,280,42,364,3,51
CAF,2015 12,0,81,43,2,102,64,0,55,77,0,5.765432099,4.953488372,0.5,9.264705882,9.96875,0,3.909090909,7.779220779,254,280,161,1362,157,17,80,52,2,12,73,44,33,14,12,69,66,43,156,1,10
SSD,2015 12,21,120,57,11,166,85,5,81,48,1.952380952,10.625,5.807017544,2.363636364,14.1746988,7.952941176,1.4,10.03703704,10.8125,294,189,321,703,240,51,110,84,18,41,186,57,71,15,5,218,42,24,323,4,94
COD,2016 01,4,63,29,2,85,59,2,43,40,1.25,5.428571429,5.689655172,1,6.647058824,5.389830508,1,6.209302326,5.925,131,32,69,308,44,31,36,116,8,12,91,15,10,14,2,2,106,33,99,5,31
ETH,2016 01,44,195,77,30,246,110,5,106,116,3.636363636,21.33846154,7.623376623,3.5,27.08943089,11.3,0.8,13.80188679,9.284482759,510,237,745,2263,746,132,149,149,200,82,257,103,100,123,24,21,203,121,344,12,103
CAF,2016 01,5,80,43,5,100,60,2,53,74,1,5.6125,4.744186047,5.6,8.96,6.066666667,0.5,3.773584906,5.675675676,93,55,80,226,39,9,17,44,6,13,71,10,10,4,2,19,38,49,48,0,0
SSD,2016 01,23,120,48,21,152,93,0,103,56,4.956521739,12.55833333,6.583333333,4.714285714,17.55263158,7.311827957,0,10.70873786,8.160714286,326,129,374,788,327,87,79,73,10,57,239,68,24,12,16,237,55,21,364,5,90
COD,2016 02,13,72,36,4,106,57,0,53,50,2.076923077,5.791666667,2.694444444,1.75,7.971698113,4.824561404,0,4.641509434,3.32,141,86,91,504,68,40,26,74,3,12,80,16,29,10,10,10,125,33,122,0,45
ETH,2016 02,33,219,67,37,275,116,6,108,94,3.484848485,18.05479452,7.119402985,5.027027027,23.53090909,8.905172414,1,11,6.20212766,541,259,546,2439,694,112,264,111,144,63,223,63,46,47,15,18,188,50,189,9,33
CAF,2016 02,11,98,51,6,115,71,3,66,64,2.090909091,6.346938776,5.176470588,2,10.72173913,8.197183099,1,4.53030303,6.078125,214,35,78,228,54,9,13,40,13,19,80,7,5,13,14,9,17,48,56,5,0
SSD,2016 02,25,131,58,14,185,111,2,82,78,2.68,13.72519084,6.948275862,3.642857143,18.11891892,8.90990991,1,11.08536585,10.34615385,307,221,449,1060,305,54,138,118,16,70,255,48,42,13,15,165,37,32,494,9,146
COD,2016 03,9,63,53,4,91,62,4,34,58,1.444444444,4.904761905,4.056603774,1.25,5.571428571,6.048387097,1,3.735294118,7.206896552,131,67,71,493,108,37,64,61,15,17,99,13,8,14,3,6,264,82,117,0,59
ETH,2016 03,31,186,63,24,247,96,12,99,78,4.258064516,19.51612903,5,4.25,23.09716599,7.916666667,1.5,13.96969697,6.564102564,444,202,576,1823,697,127,126,104,181,55,148,51,23,115,9,19,164,50,177,3,103
CAF,2016 03,7,110,55,7,143,68,0,65,79,2,5.354545455,4.818181818,2.285714286,9.27972028,6.485294118,0,3.769230769,9.075949367,77,26,29,185,61,29,72,21,5,5,68,10,9,5,8,15,64,63,82,0,12
SSD,2016 03,25,148,42,24,186,87,2,89,76,4.4,11.43918919,6.238095238,3.291666667,14.67741935,10.09195402,1.5,10.21348315,9.039473684,355,205,422,643,298,77,96,81,27,63,203,42,55,11,8,223,67,89,291,0,77
COD,2016 04,8,60,41,5,79,59,0,40,40,1.75,5,3.780487805,1.4,8.113924051,5.084745763,0,4.225,3.625,158,57,61,475,103,44,54,52,21,11,68,18,6,20,14,8,97,35,98,2,45
ETH,2016 04,39,188,75,22,252,116,10,97,92,3.179487179,18.00531915,7.853333333,4.181818182,21.47619048,14.43965517,0.8,11.41237113,14.95652174,744,191,513,2092,623,159,250,93,120,33,332,34,28,65,15,15,174,138,552,23,81
CAF,2016 04,5,105,42,4,138,69,0,67,58,1.6,5.428571429,6.071428571,1.25,9.144927536,6.623188406,0,3.597014925,7,59,21,72,276,46,27,35,17,23,24,46,4,5,0,3,2,9,21,93,1,7
SSD,2016 04,22,135,58,9,213,101,3,104,82,1.681818182,18.82222222,10.18965517,3.333333333,26.8028169,19.10891089,0.666666667,12.60576923,14.1097561,544,268,559,2295,455,89,140,124,62,98,358,61,51,35,101,121,125,65,649,26,93
COD,2016 05,6,56,26,2,65,54,2,38,53,1,4.892857143,2.692307692,1,8.892307692,3.833333333,1.5,2.894736842,4.264150943,309,149,69,549,102,112,74,59,56,74,164,62,14,56,2,52,210,123,278,10,59
ETH,2016 05,41,178,58,29,246,87,8,108,99,3.87804878,13.50561798,5.362068966,3.620689655,18.4796748,10.06896552,1.5,7.166666667,7.454545455,474,151,355,1773,429,161,298,130,47,33,224,57,26,53,37,33,227,96,240,1,123
CAF,2016 05,11,97,57,4,147,102,0,92,100,2.454545455,6.298969072,5.333333333,2.25,10.45578231,9.754901961,0,6.554347826,11.4,51,23,46,243,32,7,39,20,9,3,19,11,4,18,4,8,18,18,109,2,8
SSD,2016 05,29,128,47,13,178,80,4,103,69,3.103448276,11.546875,5.191489362,3.230769231,15.7247191,9.05,0.5,9.194174757,9.463768116,278,185,128,1010,268,80,123,136,24,60,180,59,50,32,12,20,117,84,405,12,62
COD,2016 06,5,59,32,2,81,64,0,38,77,0.8,4.610169492,6.5625,0.5,8.283950617,6.515625,0,3.973684211,7.038961039,206,135,88,406,85,43,123,53,28,12,114,37,9,28,0,23,263,62,116,1,112
ETH,2016 06,39,169,75,33,240,111,7,118,119,3.820512821,14.43786982,7.333333333,7.424242424,17.875,17.36036036,1.857142857,7.779661017,14.5210084,604,205,346,1727,630,84,178,100,38,67,369,76,75,93,17,46,207,59,760,25,121
CAF,2016 06,12,99,54,6,131,87,2,78,90,3.083333333,6.101010101,5.444444444,2.333333333,9.045801527,7.528735632,1,3.961538462,8.633333333,67,36,27,260,42,64,14,50,2,6,82,9,2,0,1,34,58,58,127,8,54
SSD,2016 06,33,129,65,20,152,88,3,101,67,4.848484848,10.56589147,4.676923077,3.8,15.57894737,7.193181818,0.666666667,6.227722772,7.895522388,233,147,153,899,230,46,117,199,23,23,128,36,34,15,15,50,97,12,310,7,112
COD,2016 07,5,47,29,3,60,40,0,22,44,0.8,5.574468085,4.482758621,1.333333333,7.7,3.625,0,4.227272727,5.25,101,75,60,484,130,24,69,54,25,7,60,22,20,19,4,13,118,65,74,10,40
ETH,2016 07,49,182,50,29,242,111,4,113,93,3.836734694,17.28021978,5.3,4.517241379,25.21487603,7.441441441,1.5,8.389380531,7.935483871,539,227,577,2084,585,144,158,108,66,109,282,65,35,136,31,61,208,61,351,4,50
CAF,2016 07,11,107,34,6,120,56,2,74,60,2.090909091,6.457943925,3.705882353,1.166666667,11.55,5.964285714,1,4.945945946,5.983333333,76,33,28,146,31,11,18,36,3,10,23,1,16,1,2,0,19,29,88,0,14
SSD,2016 07,13,194,120,14,251,187,0,185,137,1.923076923,17.81958763,15.91666667,2.5,25.15537849,21.52406417,0,18.04324324,23.04379562,898,837,376,2357,438,247,302,614,68,180,559,178,176,82,111,241,154,111,1676,9,678
COD,2016 08,4,55,19,0,73,34,0,34,32,2.75,5.2,3.631578947,0,6.301369863,4.558823529,0,4.147058824,2.4375,176,95,79,614,120,30,116,154,3,9,113,39,8,56,12,5,97,85,177,14,162
ETH,2016 08,40,184,75,20,234,120,9,113,116,3.075,12.63043478,5.733333333,4.95,18.04273504,12.20833333,1.222222222,7.672566372,14.85344828,511,288,301,1602,480,126,157,170,43,60,361,69,41,318,26,51,360,66,513,7,64
CAF,2016 08,11,122,58,2,150,75,2,83,77,2.363636364,8.147540984,5.586206897,0.5,11.51333333,7.88,0.5,5.831325301,7.753246753,55,40,48,186,14,5,29,37,0,1,26,24,3,3,1,2,16,8,30,2,2
SSD,2016 08,20,161,96,19,222,128,7,120,106,2.6,16.77018634,9.208333333,2.315789474,21.59009009,13.921875,1,16.35833333,12.52830189,615,351,396,1543,322,151,204,489,49,89,369,195,76,19,111,38,102,231,866,5,457
COD,2016 09,7,70,31,6,81,46,0,44,46,3.428571429,5.742857143,3.387096774,3,6.580246914,4.673913043,0,3.886363636,5.891304348,192,151,65,616,92,50,56,144,18,38,174,27,23,173,2,80,176,53,348,3,65
ETH,2016 09,37,183,74,16,247,103,4,103,104,4.648648649,14.81967213,5.378378378,3.1875,19.85425101,12.73786408,1.25,7.766990291,9.932692308,510,281,350,1806,726,143,105,135,36,58,227,102,34,132,6,23,228,66,293,22,154
CAF,2016 09,12,117,67,5,158,103,2,84,94,1.833333333,5.299145299,5.328358209,2.2,9.240506329,10.69902913,1,5.238095238,13.5212766,58,27,44,183,65,8,16,21,1,0,61,6,5,1,17,1,26,7,152,7,5
SSD,2016 09,14,155,73,13,222,116,7,104,84,2.071428571,15.5483871,7.643835616,3.615384615,21.27927928,14.43103448,1.428571429,14.47115385,9.654761905,545,342,364,1618,337,106,175,254,26,68,472,143,114,27,35,74,142,96,610,4,142
COD,2016 10,0,59,28,0,93,55,0,39,66,0,4.186440678,4.964285714,0,7.23655914,7.581818182,0,3.358974359,9.424242424,148,143,82,497,111,46,43,67,12,41,110,49,33,54,5,16,195,25,208,11,70
ETH,2016 10,34,181,95,22,243,132,3,113,123,3.911764706,14.61878453,9.831578947,3.863636364,19.57201646,19.89393939,0.666666667,9.07079646,15.68292683,747,265,428,1916,617,125,183,339,52,76,594,117,50,208,25,18,497,73,598,12,76
CAF,2016 10,7,104,54,9,140,91,0,76,89,1.571428571,6.432692308,5.555555556,1.777777778,9.692857143,7.494505495,0,5.513157895,8.561797753,108,69,66,244,61,3,9,41,11,18,75,6,1,8,9,23,59,11,316,0,74
SSD,2016 10,25,129,67,19,183,116,0,93,95,2.12,10.29457364,6.582089552,2.947368421,14.87431694,11.39655172,0,8.935483871,11.2,384,199,112,963,235,70,77,266,20,81,335,56,68,5,18,40,113,160,522,3,263
COD,2016 11,4,70,31,6,85,47,0,42,47,2.5,4.842857143,3.774193548,2.333333333,7.917647059,4.425531915,0,3.095238095,5.744680851,132,89,104,367,85,47,47,62,26,8,49,17,10,47,23,12,77,61,182,5,60
ETH,2016 11,42,217,74,36,235,104,3,129,92,5.547619048,11.11520737,5.121621622,6.916666667,19.79148936,9.519230769,1,6.813953488,7.282608696,412,207,338,1759,488,124,121,308,24,41,245,55,19,109,26,10,379,40,220,0,104
CAF,2016 11,15,114,45,4,142,66,0,57,69,1.666666667,6.122807018,4.066666667,1.5,8.669014085,5.378787879,0,5.263157895,8.057971014,93,58,43,243,79,10,16,25,6,19,14,8,4,2,6,3,37,9,112,9,78
SSD,2016 11,19,154,79,23,178,124,3,95,93,4.736842105,12.75974026,10.39240506,3.47826087,16.89325843,12.68548387,0.666666667,8.631578947,10.80645161,416,193,145,958,405,92,84,363,8,40,330,67,74,17,47,69,84,70,372,11,171
COD,2016 12,6,47,22,4,60,31,0,38,38,1.833333333,3.361702128,3.363636364,1.5,6.716666667,5.516129032,0,2.894736842,5.736842105,225,155,111,354,86,43,41,224,6,18,160,53,11,183,14,76,272,42,452,8,165
ETH,2016 12,50,169,70,22,227,101,8,93,86,6.04,13.49704142,4.714285714,3.136363636,16.84581498,10,2.125,8.677419355,7.627906977,449,176,303,1422,592,78,189,167,23,22,240,70,43,62,8,13,279,23,153,0,74
CAF,2016 12,3,103,60,6,126,87,0,87,94,0.666666667,7.203883495,7.233333333,2.166666667,9.349206349,9.505747126,0,6.218390805,15.84042553,60,30,23,122,18,18,12,23,7,0,29,1,1,9,0,3,41,16,88,13,187
SSD,2016 12,29,130,72,24,154,117,4,93,100,2.517241379,11.66923077,6.888888889,4,14.8961039,10.70940171,6.5,9,10.32,454,228,155,739,199,82,110,209,14,44,159,63,68,24,27,65,169,59,292,48,250
COD,2017 01,4,57,25,0,84,44,0,36,37,1.5,4.649122807,2.68,0,5.285714286,4.568181818,0,4.25,3.27027027,104,116,75,321,126,29,49,85,9,8,96,15,18,18,2,0,71,38,138,0,50
ETH,2017 01,34,199,58,18,262,96,5,111,82,3.411764706,13.63819095,4.689655172,4.833333333,17.9351145,8.072916667,1.4,7.36036036,7.463414634,451,172,322,1584,563,102,200,99,35,42,272,62,61,63,9,35,178,23,292,0,91
CAF,2017 01,14,101,39,5,114,80,0,66,68,2.071428571,6.465346535,4.384615385,1.2,8.342105263,5.925,0,4.439393939,5.235294118,66,25,21,136,87,3,25,15,1,1,34,8,2,5,15,5,20,9,84,0,11
SSD,2017 01,20,115,55,22,156,87,5,83,89,2.6,10.80869565,6.963636364,2.909090909,14.21794872,9.931034483,1,6.277108434,6.988764045,298,133,143,738,216,50,79,155,20,43,241,71,14,10,13,14,90,59,266,4,276
COD,2017 02,8,38,24,2,56,36,0,51,35,1.25,4.263157895,3,1,5.553571429,3.611111111,0,3.235294118,4.657142857,216,92,121,449,164,21,34,114,24,18,115,28,12,26,1,2,76,39,198,7,188
ETH,2017 02,41,173,56,30,254,85,5,115,73,4.463414634,11.64739884,5.732142857,4.1,16.67322835,7.576470588,1,5.043478261,5.684931507,409,200,260,1517,486,113,188,121,32,16,176,54,44,33,10,22,202,39,133,6,116
CAF,2017 02,6,106,63,3,135,93,2,59,71,2.166666667,6.698113208,4.587301587,2,9.955555556,7.698924731,1.5,5.033898305,6.887323944,45,36,16,113,42,1,11,15,10,4,20,4,1,5,34,4,14,41,102,0,36
SSD,2017 02,11,129,89,12,168,130,3,79,94,5.363636364,11.72093023,10.20224719,3.333333333,15.02380952,13.22307692,2,5.025316456,9.840425532,417,245,207,884,250,78,116,293,41,18,405,66,77,10,10,43,69,57,310,41,274
COD,2017 03,4,54,16,5,80,20,0,44,33,2.75,4.166666667,2.875,2.8,6.7125,6,0,4,2.939393939,146,84,71,349,93,26,41,73,69,33,113,22,15,11,2,19,103,311,218,4,145
ETH,2017 03,53,194,84,32,229,117,4,100,97,4.679245283,13.4742268,6.273809524,5.65625,19.51528384,10.38461538,1,6.76,8.381443299,600,158,358,1737,601,225,226,225,29,62,210,84,38,79,6,33,152,98,219,4,101
CAF,2017 03,15,86,48,3,143,87,0,94,82,2,6.151162791,4.958333333,7.333333333,7.622377622,7.379310345,0,6.712765957,9.43902439,83,17,25,183,45,11,7,23,4,2,35,12,1,7,7,6,30,25,47,0,24
SSD,2017 03,11,189,105,4,216,136,0,103,111,2.454545455,11.65079365,12.4,2,15.60185185,16.60294118,0,8.737864078,11.36936937,515,340,204,1157,480,90,197,274,38,35,364,64,147,29,15,29,144,244,465,6,315
COD,2017 04,0,54,21,3,70,30,0,30,24,0,5.981481481,3.238095238,1.333333333,6.357142857,3.966666667,0,3.833333333,4.625,146,96,63,349,62,55,17,62,20,20,109,10,8,31,5,25,90,103,202,1,260
ETH,2017 04,35,174,57,28,234,86,2,85,81,4.542857143,11.43678161,4.894736842,5.607142857,17.1025641,8.604651163,2.5,7,6.802469136,398,146,289,1634,415,67,175,114,23,18,227,61,40,41,8,7,197,21,221,1,39
CAF,2017 04,5,93,45,2,128,89,4,71,86,1.8,5.784946237,4.533333333,0.5,7.5703125,6.988764045,1.25,3.718309859,8.093023256,74,11,20,135,41,0,15,32,0,35,19,5,1,0,2,13,19,15,32,0,10
SSD,2017 04,17,148,81,9,176,129,0,98,111,2.117647059,10.64864865,11.74074074,2.666666667,12.64204545,14.37984496,0,7.102040816,11.93693694,326,229,133,1046,274,104,254,321,31,41,267,40,92,6,35,37,57,137,627,29,282
COD,2017 05,4,73,39,4,96,76,5,56,68,2.75,5.643835616,4.897435897,3,8.25,7.355263158,5.2,7.232142857,11.42647059,202,98,75,428,95,53,42,132,29,32,62,33,7,1,21,7,166,21,169,5,95
ETH,2017 05,41,196,69,43,247,92,6,87,78,3.487804878,12.60204082,5.289855072,4.093023256,19.02024291,9.326086957,2,6.83908046,6.897435897,425,198,325,1824,569,162,158,91,25,32,201,90,26,63,9,11,214,41,179,0,57
CAF,2017 05,17,99,61,5,126,89,7,73,66,2.058823529,6.353535354,5.606557377,3.4,8.682539683,7.033707865,7.428571429,4.493150685,6.939393939,126,37,29,340,29,14,50,38,1,33,66,3,10,12,2,28,27,67,439,1,372
SSD,2017 05,21,137,77,15,180,112,4,109,89,4.047619048,15.09489051,11.72727273,2,14.95555556,16.50892857,7.75,7.04587156,8.561797753,401,271,187,1045,328,123,230,348,26,85,324,60,55,24,18,60,120,48,367,1,417
COD,2017 06,17,52,37,3,74,48,0,30,37,4,5.076923077,5.513513514,1.333333333,5.581081081,5.729166667,0,3,8.378378378,174,96,70,400,102,27,33,93,40,24,128,51,13,15,5,10,65,42,284,2,146
ETH,2017 06,42,173,54,22,232,87,9,85,56,3.642857143,12.6416185,7.462962963,3.772727273,16.08189655,10.29885057,1.111111111,5.929411765,5.339285714,369,282,324,1527,564,88,117,91,19,15,171,41,33,14,20,19,160,16,124,1,22
CAF,2017 06,14,105,50,6,140,93,2,69,80,2,5.314285714,5.62,1.5,7.942857143,8.290322581,1,4.47826087,8.675,65,32,17,155,132,8,23,41,4,6,50,10,4,3,0,7,7,6,193,0,163
SSD,2017 06,23,153,86,9,167,117,2,88,84,2.260869565,10.37254902,8.686046512,2.222222222,16.67664671,14.58974359,1,7.147727273,8.642857143,415,255,160,1194,267,58,257,226,15,34,219,69,44,3,17,43,162,74,344,26,154
COD,2017 07,4,39,35,2,57,57,3,36,40,0.5,3.717948718,4.342857143,2,5.350877193,4.842105263,1,2.805555556,8.05,230,66,49,391,45,21,93,100,21,6,80,31,3,10,5,3,77,173,180,4,91
ETH,2017 07,29,169,59,32,215,85,2,89,66,4.586206897,9.118343195,5.033898305,5.65625,14.99069767,6.505882353,0.5,4.539325843,5.257575758,330,184,196,1262,354,62,103,108,18,36,127,28,29,20,8,7,83,17,127,2,42
CAF,2017 07,13,85,61,8,115,82,3,72,72,2,5.552941176,5.114754098,2.375,8.026086957,8.06097561,1.333333333,5.375,5.944444444,89,20,27,116,51,1,13,18,2,3,46,0,13,0,0,9,7,22,170,2,103
SSD,2017 07,18,125,63,16,160,98,5,97,76,2.166666667,8.84,7.634920635,6.5625,11.575,11.14285714,1.6,5.958762887,10.51315789,283,175,127,664,155,85,123,176,31,45,257,82,35,2,6,32,170,38,333,6,267
COD,2017 08,3,50,30,3,78,51,2,36,41,2,4.24,5.533333333,1,4.961538462,7.803921569,1,3,7.585365854,179,67,73,372,93,38,34,122,6,30,78,34,4,89,6,11,67,39,365,20,122
ETH,2017 08,35,137,60,26,186,85,5,68,69,4.285714286,11.54744526,6.433333333,4.961538462,15,10.35294118,2,4.676470588,7.449275362,336,149,332,1298,302,60,147,102,20,51,111,34,12,35,16,11,140,21,116,2,33
CAF,2017 08,10,99,50,3,125,75,3,55,76,2.1,4.848484848,6.66,5,7.264,8.573333333,1,4.945454545,11.59210526,71,38,36,212,30,4,53,30,5,12,54,5,10,6,0,11,6,9,148,3,238
SSD,2017 08,23,120,71,17,149,103,6,74,85,2.52173913,8.3,11.14084507,3.529411765,13.34228188,17.5631068,2,6.283783784,15,432,190,129,1088,150,51,108,341,20,20,217,65,25,17,11,28,64,49,701,10,184
COD,2017 09,0,74,30,2,90,55,2,31,45,0,5.5,2.533333333,1,6.077777778,3.418181818,1,2.225806452,3.733333333,120,60,72,548,79,31,63,91,20,26,89,21,11,25,4,9,83,41,265,10,43
ETH,2017 09,45,171,55,27,226,94,5,102,75,3.333333333,12.48538012,6.581818182,2.666666667,17.15929204,9.638297872,1.2,5.509803922,8.733333333,461,178,318,1438,500,118,143,143,36,31,217,65,31,26,12,42,163,26,278,1,219
CAF,2017 09,3,94,53,2,130,80,4,67,83,1.333333333,6.510638298,5.283018868,1,8.484615385,8.675,1.25,5.28358209,6.86746988,67,56,32,218,56,9,46,23,12,3,17,7,14,0,1,4,15,4,87,3,52
SSD,2017 09,20,135,58,13,142,99,6,80,77,2.75,8.955555556,5.965517241,4.230769231,15.59859155,9.565656566,0.666666667,6.4125,9.519480519,307,177,161,827,204,65,114,180,17,26,176,40,21,8,8,85,50,23,296,1,251
COD,2017 10,3,65,29,3,85,41,0,49,51,3,5.615384615,5.068965517,1,9.258823529,4.951219512,0,4.224489796,3.607843137,105,99,111,605,131,36,46,101,7,16,71,28,4,11,6,2,50,42,192,0,109
ETH,2017 10,32,156,62,17,211,80,4,83,70,4.6875,15.12179487,5.274193548,5.294117647,22.31753555,8.725,1.5,6.313253012,8.657142857,445,203,443,1826,426,76,177,228,17,21,153,39,29,43,12,49,146,33,205,6,16
CAF,2017 10,5,101,45,12,125,73,2,64,67,1.4,8.01980198,5.044444444,2.583333333,12.192,7.178082192,0.5,3.71875,6.805970149,91,26,78,278,57,7,12,48,10,10,33,0,3,4,1,5,11,14,100,0,157
SSD,2017 10,16,124,56,12,146,85,7,74,61,4.5,12.7016129,4.517857143,3.916666667,18.56164384,7.211764706,1.285714286,9.472972973,8.032786885,223,137,281,947,247,52,59,123,15,32,120,52,38,36,6,120,55,46,211,25,251
COD,2017 11,4,66,23,5,77,32,0,48,20,3.75,4.348484848,3.391304348,1.8,5.883116883,3.4375,0,3.291666667,4,105,88,36,396,69,8,48,57,5,14,54,11,9,11,3,7,70,25,102,0,38
ETH,2017 11,40,165,57,24,217,92,0,87,73,2.925,16.07272727,4.228070175,4.666666667,17.02764977,8.782608696,0,7.137931034,5.739726027,330,133,416,1343,531,146,149,133,25,23,103,77,46,20,17,25,150,18,235,1,73
CAF,2017 11,4,95,41,0,136,74,0,69,62,1,5.105263158,2.609756098,0,8.147058824,5.432432432,0,3.231884058,5.725806452,42,22,33,174,30,8,50,13,3,4,27,10,7,0,0,1,12,4,55,2,96
SSD,2017 11,13,117,59,9,142,86,6,70,73,2.153846154,9.564102564,5.949152542,1.555555556,13.58450704,9.26744186,1,6.8,7.054794521,238,173,103,723,210,67,125,117,20,19,183,74,28,14,16,40,76,19,192,7,364
COD,2017 12,2,46,21,2,63,29,0,31,29,0.5,5.891304348,3.80952381,3,6.031746032,3.862068966,0,2.806451613,3.724137931,120,59,40,352,82,70,35,128,28,4,98,40,16,54,3,26,193,53,324,10,173
ETH,2017 12,38,167,55,19,215,83,5,68,84,3.052631579,10.80838323,5.309090909,2.894736842,17.93023256,10.79518072,0.8,5.367647059,7.464285714,448,205,281,1435,410,64,93,111,69,46,128,67,21,14,5,21,135,32,187,7,94
CAF,2017 12,4,86,62,3,104,90,2,76,96,1.75,5.872093023,5.161290323,2,7.471153846,6.888888889,2.5,5.947368421,10.01041667,19,21,39,129,72,15,15,36,0,2,32,2,2,0,0,8,34,7,70,0,114
SSD,2017 12,17,117,51,16,134,87,0,74,77,2.411764706,9.128205128,6.529411765,4.3125,12.85820896,10.48275862,0,6.662162162,7.961038961,265,137,107,705,223,58,54,191,15,58,167,55,13,9,7,20,121,26,323,6,321
COD,2018 01,3,49,30,0,63,46,0,34,36,1,2.612244898,3.6,0,4.031746032,3.826086957,0,2.352941176,2.888888889,208,142,18,308,66,52,44,116,10,22,136,34,20,144,18,2,145,50,324,6,129
ETH,2018 01,28,206,69,23,258,120,2,95,80,3.25,17.5631068,7.84057971,4.347826087,27.18992248,9.7,0.5,7.652631579,8.0625,699,299,598,2631,606,117,102,386,53,27,278,101,67,12,17,66,373,16,165,5,29
CAF,2018 01,5,81,57,5,120,96,0,67,93,2.2,4.617283951,5.49122807,2,7.458333333,7.395833333,0,5.253731343,10.3655914,40,25,8,110,17,7,28,53,2,0,23,1,10,3,8,2,14,1,43,0,102
SSD,2018 01,18,107,60,12,125,100,4,61,84,5.277777778,7.710280374,4.916666667,2.416666667,12.928,9.51,0.75,5.163934426,8.047619048,367,97,98,645,137,79,51,150,18,43,241,58,36,13,18,29,91,29,207,9,56
COD,2018 02,2,34,29,0,53,36,0,21,30,1,3.058823529,5.24137931,0,4.735849057,4.027777778,0,4,4.866666667,157,97,65,397,83,51,56,176,25,14,144,37,17,84,1,11,114,73,280,0,261
ETH,2018 02,29,182,79,15,243,98,4,89,84,4.896551724,12.06593407,11.43037975,2.933333333,15.23045267,10.53061224,2.25,8.595505618,7.797619048,470,221,334,1401,453,100,107,628,17,49,203,84,66,142,5,61,314,21,143,0,3
CAF,2018 02,9,93,76,4,136,92,0,67,86,2.444444444,5.344086022,6.828947368,2.25,7.963235294,8.260869565,0,4.731343284,9.941860465,29,27,6,96,47,4,28,23,3,4,25,9,1,2,1,0,4,6,93,1,21
SSD,2018 02,18,115,67,20,154,101,2,83,87,1.611111111,9.069565217,8.089552239,5.3,13.2012987,10.67326733,0.5,7.771084337,10.26436782,267,169,94,769,139,93,55,228,23,40,271,44,53,11,16,189,267,50,226,1,169
COD,2018 03,0,37,21,0,73,36,0,41,49,0,3.135135135,2.619047619,0,5.273972603,3.222222222,0,3.12195122,3.918367347,205,135,86,426,93,30,42,97,9,11,71,48,15,35,1,6,57,20,213,6,108
ETH,2018 03,30,196,68,27,232,105,5,96,87,5.266666667,21.28571429,7.514705882,5.222222222,30.74137931,8.076190476,1.4,8.145833333,7.620689655,501,224,961,2466,613,234,164,316,26,41,207,44,41,136,24,36,295,25,343,10,37
CAF,2018 03,7,115,46,6,136,83,2,64,69,1.285714286,5.765217391,5.173913043,3.166666667,9.463235294,7,0.5,4.625,8.579710145,49,17,13,152,27,8,15,9,2,5,58,4,0,3,0,9,22,13,74,0,45
SSD,2018 03,19,124,60,8,166,79,0,69,67,2.315789474,9.072580645,6.55,2.5,11.5060241,6.265822785,0,5.68115942,5.402985075,269,136,74,632,238,56,111,85,21,34,129,40,24,9,14,58,46,22,140,0,64
COD,2018 04,0,51,24,0,76,41,0,38,43,0,3.529411765,2.666666667,0,6.105263158,5.585365854,0,4.236842105,4.976744186,122,104,68,542,44,40,59,63,24,20,55,54,8,6,0,6,39,34,82,0,106
ETH,2018 04,34,181,58,21,251,86,10,101,63,4.588235294,16.28176796,6.034482759,3.857142857,20.27091633,7.558139535,1.3,10.08910891,4.412698413,638,223,396,1878,523,83,96,279,6,86,261,94,21,124,9,46,167,28,128,0,41
CAF,2018 04,8,93,48,3,129,88,2,58,63,1.375,6.129032258,4.166666667,1.333333333,10.13953488,6.375,1,4.275862069,4.603174603,56,59,27,173,35,7,8,12,19,11,31,4,7,9,2,0,32,15,138,0,97
SSD,2018 04,21,98,57,11,121,84,0,66,78,2.523809524,8.530612245,3.438596491,4.727272727,13.8677686,6.297619048,0,7.227272727,5.487179487,236,87,108,605,115,73,54,151,9,26,176,64,28,7,19,32,52,61,199,1,132
COD,2018 05,7,54,31,3,69,60,0,44,53,2,4.296296296,3.225806452,0.666666667,5.666666667,6.983333333,0,3.795454545,5.811320755,394,77,98,757,98,75,27,137,34,19,67,30,14,16,1,24,110,102,123,0,160
ETH,2018 05,39,201,54,27,236,87,6,119,61,3.692307692,19.15422886,9.296296296,4.740740741,23.45338983,8.149425287,2.5,7.428571429,6.540983607,478,238,626,2047,523,177,143,562,18,40,209,81,18,21,33,95,233,20,150,0,40
CAF,2018 05,3,113,59,5,144,96,4,74,65,1.666666667,6.327433628,4.813559322,3,12.45138889,11.22916667,0.75,5.783783784,6.738461538,119,47,20,186,93,5,10,12,6,18,46,3,21,16,2,1,22,34,150,0,133
SSD,2018 05,29,130,44,17,160,78,5,81,64,2.75862069,8.969230769,3.886363636,2,12.85,7.371794872,1.2,5.62962963,4.453125,212,138,134,708,161,55,108,109,6,22,144,55,38,13,3,54,45,48,102,1,131
COD,2018 06,0,65,33,0,71,43,3,34,45,0,3.307692308,4.545454545,0,4.718309859,5.209302326,2.666666667,2.588235294,4.288888889,121,71,49,346,54,20,44,98,11,20,96,40,29,12,4,0,55,15,73,0,92
ETH,2018 06,35,189,65,37,251,117,5,117,78,6.914285714,24.06349206,8.492307692,4.648648649,29.84063745,13.25641026,2,10.22222222,6.679487179,637,275,891,2682,781,134,145,380,57,41,315,181,48,86,18,70,130,46,344,0,225
CAF,2018 06,2,99,42,8,134,72,0,76,50,0.5,4.95959596,6.214285714,1.375,8.380597015,5.402777778,0,4.513157895,4.32,43,32,42,87,49,6,28,35,6,11,53,8,1,10,3,3,33,16,42,3,83
SSD,2018 06,19,135,56,12,167,77,3,71,70,2.789473684,13.79259259,7.071428571,2.166666667,17.78443114,10.83116883,2,7.070422535,6.2,262,147,391,1269,199,14,36,111,6,32,227,165,38,8,2,35,23,46,190,1,146
COD,2018 07,6,54,18,2,74,31,3,49,42,2,3.018518519,2.444444444,0.5,4.351351351,2.903225806,1.333333333,4.265306122,5.261904762,203,76,43,436,84,38,34,84,17,13,81,31,25,13,0,26,72,34,120,0,112
ETH,2018 07,45,176,48,33,248,82,5,105,72,10.28888889,33.10795455,8.291666667,6.181818182,39.99193548,9.573170732,3.8,13.41904762,7,762,231,897,3178,1707,153,146,327,45,31,284,125,76,60,9,142,116,75,502,11,88
CAF,2018 07,8,96,35,2,140,72,2,71,53,2,5.927083333,3.628571429,1,8.957142857,5.902777778,0.5,4.746478873,5.754716981,33,36,23,67,21,6,23,26,5,3,22,12,18,4,0,1,16,33,183,0,30
SSD,2018 07,22,119,56,10,162,93,2,69,74,1.954545455,11.12605042,5.642857143,3.2,12.24691358,9.032258065,0.5,5.608695652,6.148648649,240,146,157,692,339,37,66,104,36,18,262,98,8,12,3,46,52,46,162,2,174
